time,histprov:IgnitionHistorian:/drv:ignition boucherville:default:/tag:motors/motor1/xaxiskurtosis,histprov:IgnitionHistorian:/drv:ignition boucherville:default:/tag:motors/motor1/temperature,histprov:IgnitionHistorian:/drv:ignition boucherville:default:/tag:motors/motor1/xaxispeakvelocity,histprov:IgnitionHistorian:/drv:ignition boucherville:default:/tag:motors/motor1/zaxiskurtosis,histprov:IgnitionHistorian:/drv:ignition boucherville:default:/tag:motors/motor1/xaxisrmsvelocity,histprov:IgnitionHistorian:/drv:ignition boucherville:default:/tag:motors/motor1/zaxisrmsacceleration,histprov:IgnitionHistorian:/drv:ignition boucherville:default:/tag:motors/motor1/zaxispeakvelocity,histprov:IgnitionHistorian:/drv:ignition boucherville:default:/tag:motors/motor1/xaxishighfrequencyrmsacceleration,histprov:IgnitionHistorian:/drv:ignition boucherville:default:/tag:motors/motor1/xaxispeakacceleration,histprov:IgnitionHistorian:/drv:ignition boucherville:default:/tag:motors/motor1/xaxisrmsacceleration,histprov:IgnitionHistorian:/drv:ignition boucherville:default:/tag:motors/motor1/xaxisacceleration,histprov:IgnitionHistorian:/drv:ignition boucherville:default:/tag:motors/motor1/zaxishighfrequencyrmsacceleration,histprov:IgnitionHistorian:/drv:ignition boucherville:default:/tag:motors/motor1/zaxispeakacceleration,histprov:IgnitionHistorian:/drv:ignition boucherville:default:/tag:motors/motor1/zaxisacceleration,histprov:IgnitionHistorian:/drv:ignition boucherville:default:/tag:motors/motor1/zaxiscrestfactor,histprov:IgnitionHistorian:/drv:ignition boucherville:default:/tag:motors/motor1/zaxisspeed,histprov:IgnitionHistorian:/drv:ignition boucherville:default:/tag:motors/motor1/xaxiscrestfactor,histprov:IgnitionHistorian:/drv:ignition boucherville:default:/tag:motors/motor1/xaxisspeed,histprov:IgnitionHistorian:/drv:ignition boucherville:default:/tag:motors/motor1/xaxispeakvelocityinchsec
 1706919689353,3.183000087738037,26.280000686645508,0.3479999899864197,3.240000009536743,0.2460000067949295,0.00883508916755018,0.1080000028014183,0.010786466626929917,0.03799999877810478,0.008310293782984502,0.010786466626929917,0.012359400083673183,0.054999999701976776,0.012359400083673183,5.431000232696533,0.07599999755620956,4.966000080108643,0.2460000067949295,0.005740357848386149
 1706919689353,2.7980000972747803,25.920000076293945,0.1120000034570694,2.799999952316284,0.07900000363588333,0.00883508916755018,0.3089999854564667,0.010786466626929917,0.03799999877810478,0.008310293782984502,0.010786466626929917,0.012359400083673183,0.035999998450279236,0.012359400083673183,3.3389999866485596,0.21799999475479126,3.3299999237060547,0.07900000363588333,0.005740357848386149
 1706921993353,3.7799999713897705,25.989999771118164,0.382999986410141,3.2260000705718994,0.27000001072883606,0.009059875233313102,0.11500000208616257,0.010882803531482752,0.03700000047683716,0.008470864226384926,0.010882803531482752,0.012648410767424782,0.040746083063845966,0.012648410767424782,3.321000099182129,0.08100000023841858,8.20300006866455,0.27000001072883606,0.005720802730324519
 1706921993353,2.813999891281128,25.6299991607666,0.11500000208616257,2.805000066757202,0.08100000023841858,0.009059875233313102,0.3160000145435333,0.010882803531482752,0.08399999886751175,0.008470864226384926,0.010882803531482752,0.012648410767424782,0.040746083063845966,0.012648410767424782,5.020999908447266,0.22300000488758087,3.388000011444092,0.08100000023841858,0.005720802730324519
 1706924297353,5.570000171661377,25.68000030517578,0.34299999475479126,2.822999954223633,0.24300000071525574,0.009284661299076024,0.3149999976158142,0.010979140436035586,0.11500000208616257,0.008631434669785353,0.010979140436035586,0.01293742145117638,0.03992483105372142,0.01293742145117638,5.1570000648498535,0.08500000089406967,3.3489999771118164,0.24300000071525574,0.00570124761226289
 1706924297353,2.822999954223633,25.479999542236328,0.12200000137090683,3.236999988555908,0.0860000029206276,0.009284661299076024,0.11999999731779099,0.010979140436035586,0.035999998450279236,0.008631434669785353,0.010979140436035586,0.01293742145117638,0.03992483105372142,0.01293742145117638,3.2950000762939453,0.22200000286102295,10.855999946594238,0.0860000029206276,0.00570124761226289
 1706926601353,2.8289999961853027,25.559999465942383,0.11100000143051147,2.8239998817443848,0.07900000363588333,0.009509447364838945,0.11999999731779099,0.011075477340588422,0.03700000047683716,0.008792005113185777,0.011075477340588422,0.013226432134927978,0.03910357904359686,0.013226432134927978,3.3970000743865967,0.08500000089406967,4.86899995803833,0.07900000363588333,0.00568169249420126
 1706926601353,3.2720000743865967,25.34000015258789,0.4020000100135803,3.197999954223633,0.2840000092983246,0.009509447364838945,0.28999999165534973,0.011075477340588422,0.04399999976158142,0.008792005113185777,0.011075477340588422,0.013226432134927978,0.03910357904359686,0.013226432134927978,5.372000217437744,0.20499999821186066,3.365000009536743,0.2840000092983246,0.00568169249420126
 1706928905353,3.194999933242798,25.43000030517578,0.4180000126361847,2.8510000705718994,0.29499998688697815,0.009734233430601867,0.29499998688697815,0.011171814245141257,0.03909365737600401,0.008952575556586203,0.011171814245141257,0.013515442818679576,0.03828232703347231,0.013515442818679576,3.374000072479248,0.20800000429153442,3.3369998931884766,0.29499998688697815,0.005662137376139631
 1706928905353,2.7980000972747803,25.25,0.12399999797344208,3.25600004196167,0.08799999952316284,0.009734233430601867,0.11599999666213989,0.011171814245141257,0.03909365737600401,0.008952575556586203,0.011171814245141257,0.013515442818679576,0.03828232703347231,0.013515442818679576,5.064000129699707,0.0820000022649765,5.184000015258789,0.08799999952316284,0.005662137376139631
 1706931209353,2.812000036239624,25.299999237060547,0.11699999868869781,3.203000068664551,0.08299999684095383,0.009959019496364789,0.0989999994635582,0.011268151149694091,0.03799999877810478,0.009113145999986628,0.011268151149694091,0.013804453502431174,0.037461075023347765,0.013804453502431174,3.3540000915527344,0.07000000029802322,3.3329999446868896,0.08299999684095383,0.005642582258078001
 1706931209353,3.24399995803833,25.139999389648438,0.3569999933242798,2.825000047683716,0.25200000405311584,0.009959019496364789,0.32100000977516174,0.011268151149694091,0.04600000008940697,0.009113145999986628,0.011268151149694091,0.013804453502431174,0.037461075023347765,0.013804453502431174,5.258999824523926,0.22699999809265137,5.329999923706055,0.25200000405311584,0.005642582258078001
 1706933513353,3.2330000400543213,25.209999084472656,0.11900000274181366,2.825000047683716,0.08399999886751175,0.010183805562127711,0.3109999895095825,0.011364488054246927,0.0430000014603138,0.009273716443387052,0.011364488054246927,0.014093464186182774,0.03700000047683716,0.014093464186182774,3.3469998836517334,0.2199999988079071,5.4079999923706055,0.08399999886751175,0.005623027140016371
 1706933513353,2.815999984741211,25.049999237060547,0.46299999952316284,3.2190001010894775,0.3269999921321869,0.010183805562127711,0.0989999994635582,0.011364488054246927,0.04100000113248825,0.009273716443387052,0.011364488054246927,0.014093464186182774,0.04100000113248825,0.014093464186182774,5.209000110626221,0.07000000029802322,3.4049999713897705,0.3269999921321869,0.005623027140016371
 1706935817353,3.190999984741211,25.100000381469727,0.10599999874830246,2.828000068664551,0.07500000298023224,0.010408591627890634,0.29100000858306885,0.011460824958799761,0.03700000047683716,0.009434286886787479,0.011460824958799761,0.01438247486993437,0.03700000047683716,0.01438247486993437,3.2100000381469727,0.20600000023841858,5.254000186920166,0.07500000298023224,0.005603472021954742
 1706935817353,2.816999912261963,24.940000534057617,0.38499999046325684,3.2100000381469727,0.2720000147819519,0.010408591627890634,0.11999999731779099,0.011460824958799761,0.03700000047683716,0.009434286886787479,0.011460824958799761,0.01438247486993437,0.04100000113248825,0.01438247486993437,5.3460001945495605,0.08399999886751175,3.2660000324249268,0.2720000147819519,0.005603472021954742
 1706938121353,3.2300000190734863,25.030000686645508,0.11999999731779099,3.2079999446868896,0.08500000089406967,0.010633377693653554,0.10100000351667404,0.011557161863352596,0.05700000002980232,0.009594857330187903,0.011557161863352596,0.01467148555368597,0.03989661741624454,0.01467148555368597,4.914999961853027,0.07199999690055847,3.2049999237060547,0.08500000089406967,0.005583916903893112
 1706938121353,2.75600004196167,24.8700008392334,0.37299999594688416,2.803999900817871,0.2639999985694885,0.010633377693653554,0.2980000078678131,0.011557161863352596,0.03700000047683716,0.009594857330187903,0.011557161863352596,0.01467148555368597,0.03989661741624454,0.01467148555368597,3.2920000553131104,0.210999995470047,5.697999954223633,0.2639999985694885,0.005583916903893112
 1706940425353,2.813999891281128,24.940000534057617,0.11500000208616257,3.2720000743865967,0.08100000023841858,0.010858163759416476,0.11900000274181366,0.011653498767905432,0.03500000014901161,0.00975542777358833,0.011653498767905432,0.01496049623743757,0.039000000804662704,0.01496049623743757,3.2839999198913574,0.08399999886751175,3.371999979019165,0.08100000023841858,0.005564361785831482
 1706940425353,3.2230000495910645,24.780000686645508,0.3709999918937683,2.7939999103546143,0.2619999945163727,0.010858163759416476,0.3160000145435333,0.011653498767905432,0.0560000017285347,0.00975542777358833,0.011653498767905432,0.01496049623743757,0.039000000804662704,0.01496049623743757,5.244999885559082,0.22300000488758087,5.486000061035156,0.2619999945163727,0.005564361785831482
 1706942729353,2.819999933242798,24.850000381469727,0.10899999737739563,3.2079999446868896,0.07699999958276749,0.011082949825179399,0.3179999887943268,0.011749835672458266,0.035999998450279236,0.009915998216988754,0.011749835672458266,0.015249506921189166,0.04699999839067459,0.015249506921189166,3.322000026702881,0.22499999403953552,5.701000213623047,0.07699999958276749,0.005544806667769853
 1706942729353,3.2639999389648438,24.719999313354492,0.39100000262260437,2.825000047683716,0.2759999930858612,0.011082949825179399,0.10999999940395355,0.011749835672458266,0.05700000002980232,0.009915998216988754,0.011749835672458266,0.015249506921189166,0.03799999877810478,0.015249506921189166,5.260000228881836,0.07800000160932541,3.3510000705718994,0.2759999930858612,0.005544806667769853
 1706945033353,3.243000030517578,24.780000686645508,0.11400000005960464,3.253000020980835,0.07999999821186066,0.01130773589094232,0.11500000208616257,0.0118461725770111,0.039000000804662704,0.010076568660389178,0.0118461725770111,0.015538517604940766,0.03799999877810478,0.015538517604940766,5.0289998054504395,0.08100000023841858,5.301000118255615,0.07999999821186066,0.005525251549708223
 1706945033353,2.7950000762939453,24.649999618530273,0.35199999809265137,2.819000005722046,0.24899999797344208,0.01130773589094232,0.36000001430511475,0.0118461725770111,0.041999999433755875,0.010076568660389178,0.0118461725770111,0.015538517604940766,0.03799999877810478,0.015538517604940766,3.177999973297119,0.2549999952316284,3.2890000343322754,0.24899999797344208,0.005525251549708223
 1706947337353,5.710999965667725,24.739999771118164,0.10899999737739563,3.2039999961853027,0.07699999958276749,0.011532521956705243,0.30000001192092896,0.011942509481563937,0.03700000047683716,0.010237139103789605,0.011942509481563937,0.015827528288692362,0.03799999877810478,0.015827528288692362,5.130000114440918,0.21199999749660492,10.815999984741211,0.07699999958276749,0.005505696431646593
 1706947337353,2.8480000495910645,24.579999923706055,0.3919999897480011,2.8389999866485596,0.2770000100135803,0.011532521956705243,0.10899999737739563,0.011942509481563937,0.10999999940395355,0.010237139103789605,0.011942509481563937,0.015827528288692362,0.039000000804662704,0.015827528288692362,3.3440001010894775,0.07699999958276749,3.311000108718872,0.2770000100135803,0.005505696431646593
 1706949641353,2.811000108718872,24.649999618530273,0.43700000643730164,2.8350000381469727,0.3089999854564667,0.011757308022468164,0.32899999618530273,0.012038846386116771,0.03700000047683716,0.01039770954719003,0.012038846386116771,0.016116538972443962,0.04062563556591717,0.016116538972443962,3.328000068664551,0.23199999332427979,3.308000087738037,0.3089999854564667,0.0054861413135849635
 1706949641353,3.2360000610351562,24.540000915527344,0.11299999803304672,3.25600004196167,0.07999999821186066,0.011757308022468164,0.11100000143051147,0.012038846386116771,0.04500000178813934,0.01039770954719003,0.012038846386116771,0.016116538972443962,0.04062563556591717,0.016116538972443962,4.98199987411499,0.07800000160932541,5.603000164031982,0.07999999821186066,0.0054861413135849635
 1706951945353,3.265000104904175,24.579999923706055,0.3269999921321869,2.8310000896453857,0.23100000619888306,0.011982094088231084,0.3240000009536743,0.012135183290669605,0.0430000014603138,0.010558279990590454,0.012135183290669605,0.01640554965619556,0.041999999433755875,0.01640554965619556,3.2750000953674316,0.2290000021457672,3.365999937057495,0.23100000619888306,0.0054665861955233335
 1706951945353,2.809000015258789,24.469999313354492,0.11100000143051147,3.236999988555908,0.07900000363588333,0.011982094088231084,0.10899999737739563,0.012135183290669605,0.03999999910593033,0.010558279990590454,0.012135183290669605,0.01640554965619556,0.041999999433755875,0.01640554965619556,5.122000217437744,0.07699999958276749,5.394000053405762,0.07900000363588333,0.0054665861955233335
 1706954249353,2.8299999237060547,24.540000915527344,0.36399999260902405,3.2639999389648438,0.25699999928474426,0.012206880153994008,0.10999999940395355,0.012231520195222442,0.035999998450279236,0.01071885043399088,0.012231520195222442,0.016694560339947158,0.03400000184774399,0.016694560339947158,3.4059998989105225,0.07800000160932541,5.263999938964844,0.25699999928474426,0.0054470310774617035
 1706954249353,3.2100000381469727,24.399999618530273,0.11800000071525574,2.7750000953674316,0.08399999886751175,0.012206880153994008,0.34200000762939453,0.012231520195222442,0.0430000014603138,0.01071885043399088,0.012231520195222442,0.016694560339947158,0.054999999701976776,0.016694560339947158,5.539999961853027,0.2409999966621399,3.375,0.08399999886751175,0.0054470310774617035
 1706956553353,4.573999881744385,24.489999771118164,0.36500000953674316,3.2100000381469727,0.257999986410141,0.012431666219756929,0.10700000077486038,0.012327857099775276,0.10199999809265137,0.010879420877391304,0.012327857099775276,0.016983571023698754,0.03913799479811078,0.016983571023698754,3.3269999027252197,0.07599999755620956,9.402000427246094,0.257999986410141,0.005427475959400074
 1706956553353,2.819999933242798,24.360000610351562,0.11699999868869781,2.816999912261963,0.0820000022649765,0.012431666219756929,0.2709999978542328,0.012327857099775276,0.035999998450279236,0.010879420877391304,0.012327857099775276,0.016983571023698754,0.03913799479811078,0.016983571023698754,5.138999938964844,0.19200000166893005,3.3010001182556152,0.0820000022649765,0.005427475959400074
 1706958857353,3.9719998836517334,24.43000030517578,0.3700000047683716,3.2339999675750732,0.26100000739097595,0.012656452285519851,0.10999999940395355,0.01242419400432811,0.03500000014901161,0.011039991320791729,0.01242419400432811,0.017272581707450354,0.039000000804662704,0.017272581707450354,3.1559998989105225,0.07800000160932541,8.618000030517578,0.26100000739097595,0.005407920841338444
 1706958857353,2.8259999752044678,24.31999969482422,0.11299999803304672,2.821000099182129,0.07999999821186066,0.012656452285519851,0.335999995470047,0.01242419400432811,0.08900000154972076,0.011039991320791729,0.01242419400432811,0.017272581707450354,0.039000000804662704,0.017272581707450354,5.046999931335449,0.2370000034570694,3.305000066757202,0.07999999821186066,0.005407920841338444
 1706961161353,5.538000106811523,24.3799991607666,0.3140000104904175,2.8359999656677246,0.22200000286102295,0.012881238351282773,0.10700000077486038,0.012520530908880945,0.11100000143051147,0.011200561764192155,0.012520530908880945,0.017561592391201954,0.03613889997932482,0.017561592391201954,3.312999963760376,0.07500000298023224,3.2279999256134033,0.22200000286102295,0.005388365723276814
 1706961161353,2.7690000534057617,24.270000457763672,0.10899999737739563,3.240000009536743,0.07699999958276749,0.012881238351282773,0.33399999141693115,0.012520530908880945,0.03700000047683716,0.011200561764192155,0.012520530908880945,0.017561592391201954,0.03613889997932482,0.017561592391201954,5.248000144958496,0.23600000143051147,10.696999549865723,0.07699999958276749,0.005388365723276814
 1706963465353,4.343999862670898,24.34000015258789,0.12099999934434891,2.7929999828338623,0.08500000089406967,0.013106024417045694,0.289000004529953,0.01261686781343378,0.03700000047683716,0.01136113220759258,0.01261686781343378,0.01785060307495355,0.035999998450279236,0.01785060307495355,3.2669999599456787,0.20399999618530273,9.317999839782715,0.08500000089406967,0.005368810605215185
 1706963465353,2.7049999237060547,24.200000762939453,0.40700000524520874,3.2890000343322754,0.2879999876022339,0.013106024417045694,0.1120000034570694,0.01261686781343378,0.09700000286102295,0.01136113220759258,0.01261686781343378,0.01785060307495355,0.035999998450279236,0.01785060307495355,5.014999866485596,0.07900000363588333,3.2690000534057617,0.2879999876022339,0.005368810605215185
 1706965769353,3.187999963760376,24.31999969482422,0.10400000214576721,2.760999917984009,0.07400000095367432,0.013330810482808616,0.11500000208616257,0.012713204717986615,0.03999999910593033,0.011521702650993004,0.012713204717986615,0.01813961375870515,0.0430000014603138,0.01813961375870515,3.194999933242798,0.08100000023841858,5.144000053405762,0.07400000095367432,0.005349255487153555
 1706965769353,2.796999931335449,24.200000762939453,0.33500000834465027,3.2739999294281006,0.2370000034570694,0.013330810482808616,0.31700000166893005,0.012713204717986615,0.0430000014603138,0.011521702650993004,0.012713204717986615,0.01813961375870515,0.03799999877810478,0.01813961375870515,4.979000091552734,0.2240000069141388,3.302999973297119,0.2370000034570694,0.005349255487153555
 1706968073353,3.1730000972747803,24.270000457763672,0.1080000028014183,2.8420000076293945,0.07599999755620956,0.013555596548571539,0.33500000834465027,0.012809541622539451,0.04100880537850082,0.01168227309439343,0.012809541622539451,0.01842862444245675,0.041999999433755875,0.01842862444245675,5.091000080108643,0.2370000034570694,4.9629998207092285,0.07599999755620956,0.005329700369091925
 1706968073353,2.819000005722046,24.15999984741211,0.3569999933242798,3.2750000953674316,0.25200000405311584,0.013555596548571539,0.09700000286102295,0.012809541622539451,0.04100880537850082,0.01168227309439343,0.012809541622539451,0.01842862444245675,0.041999999433755875,0.01842862444245675,3.313999891281128,0.0689999982714653,3.3610000610351562,0.25200000405311584,0.005329700369091925
 1706970377353,3.2130000591278076,24.25,0.1120000034570694,2.7790000438690186,0.07900000363588333,0.01378038261433446,0.10999999940395355,0.012905878527092286,0.03923790158163117,0.011842843537793855,0.012905878527092286,0.018717635126208346,0.038683935454973443,0.018717635126208346,5.144999980926514,0.07800000160932541,3.36899995803833,0.07900000363588333,0.005310145251030296
 1706970377353,2.802999973297119,24.139999389648438,0.35199999809265137,3.2060000896453857,0.24799999594688416,0.01378038261433446,0.3089999854564667,0.012905878527092286,0.03923790158163117,0.011842843537793855,0.012905878527092286,0.018717635126208346,0.038683935454973443,0.018717635126208346,3.302000045776367,0.21899999678134918,4.940999984741211,0.24799999594688416,0.005310145251030296
 1706972681353,3.2320001125335693,24.229999542236328,0.3490000069141388,2.808000087738037,0.24699999392032623,0.014005168680097383,0.3409999907016754,0.01300221543164512,0.03746699778476152,0.01200341398119428,0.01300221543164512,0.019006645809959942,0.03799999877810478,0.019006645809959942,5.263999938964844,0.2409999966621399,5.019999980926514,0.24699999392032623,0.005290590132968666
 1706972681353,2.8440001010894775,24.1200008392334,0.11299999803304672,3.2209999561309814,0.07999999821186066,0.014005168680097383,0.11400000005960464,0.01300221543164512,0.03746699778476152,0.01200341398119428,0.01300221543164512,0.019006645809959942,0.05400000140070915,0.019006645809959942,3.38100004196167,0.08100000023841858,3.4030001163482666,0.07999999821186066,0.005290590132968666
 1706974985353,2.796999931335449,24.200000762939453,0.11400000005960464,2.799999952316284,0.07999999821186066,0.014229954745860304,0.0989999994635582,0.013098552336197954,0.035999998450279236,0.012163984424594706,0.013098552336197954,0.019295656493711545,0.03500000014901161,0.019295656493711545,3.3450000286102295,0.07000000029802322,3.374000072479248,0.07999999821186066,0.005271035014907037
 1706974985353,3.2260000705718994,24.09000015258789,0.4009999930858612,3.196000099182129,0.28299999237060547,0.014229954745860304,0.3140000104904175,0.013098552336197954,0.04100000113248825,0.012163984424594706,0.013098552336197954,0.019295656493711545,0.04500000178813934,0.019295656493711545,4.9770002365112305,0.22200000286102295,5.171999931335449,0.28299999237060547,0.005271035014907037
 1706977289353,2.818000078201294,24.18000030517578,0.4059999883174896,3.3320000171661377,0.28700000047683716,0.014454740811623226,0.34599998593330383,0.01319488924075079,0.03999999910593033,0.01232455486799513,0.01319488924075079,0.01958466717746314,0.054999999701976776,0.01958466717746314,5.599999904632568,0.24400000274181366,3.2290000915527344,0.28700000047683716,0.005251479896845407
 1706977289353,4.695000171661377,24.09000015258789,0.11100000143051147,2.808000087738037,0.07800000160932541,0.014454740811623226,0.10599999874830246,0.01319488924075079,0.10499999672174454,0.01232455486799513,0.01319488924075079,0.01958466717746314,0.03799999877810478,0.01958466717746314,3.3459999561309814,0.07500000298023224,9.812000274658203,0.07800000160932541,0.005251479896845407
 1706979593353,2.799999952316284,24.18000030517578,0.10000000149011612,2.7720000743865967,0.07100000232458115,0.014679526877386148,0.10599999874830246,0.013291226145303625,0.04100000113248825,0.012485125311395555,0.013291226145303625,0.01987367786121474,0.035999998450279236,0.01987367786121474,5.276000022888184,0.07500000298023224,5.204999923706055,0.07100000232458115,0.005231924778783777
 1706979593353,3.2200000286102295,24.06999969482422,0.3540000021457672,3.2929999828338623,0.25,0.014679526877386148,0.3190000057220459,0.013291226145303625,0.04100000113248825,0.012485125311395555,0.013291226145303625,0.01987367786121474,0.03999999910593033,0.01987367786121474,3.253000020980835,0.22499999403953552,3.2860000133514404,0.25,0.005231924778783777
 1706981897353,3.187000036239624,24.15999984741211,0.11999999731779099,3.1730000972747803,0.08500000089406967,0.01490431294314907,0.30000001192092896,0.01338756304985646,0.04100000113248825,0.012645695754795981,0.01338756304985646,0.02016268854496634,0.0408796372770584,0.02016268854496634,3.3389999866485596,0.21199999749660492,5.354000091552734,0.08500000089406967,0.005212369660722148
 1706981897353,2.75600004196167,24.049999237060547,0.3449999988079071,2.7860000133514404,0.24400000274181366,0.01490431294314907,0.11400000005960464,0.01338756304985646,0.04100000113248825,0.012645695754795981,0.01338756304985646,0.02016268854496634,0.0408796372770584,0.02016268854496634,5.0329999923706055,0.08100000023841858,3.3910000324249268,0.24400000274181366,0.005212369660722148
 1706984201353,3.2090001106262207,24.139999389648438,0.33500000834465027,3.253000020980835,0.2370000034570694,0.015129099008911991,0.1080000028014183,0.013483899954409295,0.04100000113248825,0.012806266198196406,0.013483899954409295,0.020451699228717937,0.04175574667422566,0.020451699228717937,4.955999851226807,0.07599999755620956,3.303999900817871,0.2370000034570694,0.005192814542660518
 1706984201353,2.822999954223633,24.030000686645508,0.11800000071525574,2.7809998989105225,0.08299999684095383,0.015129099008911991,0.3190000057220459,0.013483899954409295,0.04100000113248825,0.012806266198196406,0.013483899954409295,0.020451699228717937,0.04175574667422566,0.020451699228717937,3.4119999408721924,0.22499999403953552,5.013000011444092,0.08299999684095383,0.005192814542660518
 1706986505353,3.9130001068115234,24.09000015258789,0.12099999934434891,3.191999912261963,0.08500000089406967,0.015353885074674913,0.32100000977516174,0.01358023685896213,0.08799999952316284,0.01296683664159683,0.01358023685896213,0.020740709912469533,0.042631856071392915,0.020740709912469533,3.361999988555908,0.22699999809265137,8.418999671936035,0.08500000089406967,0.005173259424598888
 1706986505353,2.8550000190734863,23.979999542236328,0.3440000116825104,2.76200008392334,0.24300000071525574,0.015353885074674913,0.1120000034570694,0.01358023685896213,0.039000000804662704,0.01296683664159683,0.01358023685896213,0.020740709912469533,0.042631856071392915,0.020740709912469533,4.921000003814697,0.07900000363588333,3.302999973297119,0.24300000071525574,0.005173259424598888
 1706988809353,2.825000047683716,24.06999969482422,0.11599999666213989,3.2750000953674316,0.0820000022649765,0.015578671140437836,0.11100000143051147,0.013676573763514964,0.05700000002980232,0.013127407084997256,0.013676573763514964,0.021029720596221133,0.04350796546856017,0.021029720596221133,3.312000036239624,0.07800000160932541,5.61899995803833,0.0820000022649765,0.0051537043065372585
 1706988809353,3.2809998989105225,23.940000534057617,0.35600000619888306,2.808000087738037,0.25099998712539673,0.015578671140437836,0.30000001192092896,0.013676573763514964,0.035999998450279236,0.013127407084997256,0.013676573763514964,0.021029720596221133,0.04350796546856017,0.021029720596221133,5.251999855041504,0.21199999749660492,3.368000030517578,0.25099998712539673,0.0051537043065372585
 1706991113353,2.816999912261963,24.030000686645508,0.3569999933242798,2.818000078201294,0.25200000405311584,0.015803457206200758,0.2619999945163727,0.0137729106680678,0.03799999877810478,0.013287977528397681,0.0137729106680678,0.021318731279972733,0.04399999976158142,0.021318731279972733,5.198999881744385,0.1850000023841858,8.369000434875488,0.25200000405311584,0.0051341491884756285
 1706991113353,3.7750000953674316,23.940000534057617,0.10999999940395355,3.308000087738037,0.07800000160932541,0.015803457206200758,0.1080000028014183,0.0137729106680678,0.08799999952316284,0.013287977528397681,0.0137729106680678,0.021318731279972733,0.04399999976158142,0.021318731279972733,3.309000015258789,0.07599999755620956,3.2820000648498535,0.07800000160932541,0.0051341491884756285
 1706993417353,2.8359999656677246,23.920000076293945,0.12099999934434891,3.2190001010894775,0.08500000089406967,0.01602824327196368,0.0949999988079071,0.013869247572620634,0.03700000047683716,0.013448547971798105,0.013869247572620634,0.02160774196372433,0.035999998450279236,0.02160774196372433,4.940000057220459,0.06700000166893005,10.767000198364258,0.08500000089406967,0.005114594070413999
 1706993417353,5.607999801635742,24.030000686645508,0.3160000145435333,2.821000099182129,0.22300000488758087,0.01602824327196368,0.3109999895095825,0.013869247572620634,0.11100000143051147,0.013448547971798105,0.013869247572620634,0.02160774196372433,0.03999999910593033,0.02160774196372433,3.244999885559082,0.2199999988079071,3.365000009536743,0.22300000488758087,0.005114594070413999
 1706995721353,2.828000068664551,23.889999389648438,0.1120000034570694,3.2149999141693115,0.07900000363588333,0.0162530293377266,0.3089999854564667,0.01396558447717347,0.04492008177322057,0.013609118415198532,0.01396558447717347,0.02189675264747593,0.04251264894863718,0.02189675264747593,3.3889999389648438,0.21799999475479126,3.378999948501587,0.07900000363588333,0.005095038952352369
 1706995721353,3.253000020980835,24,0.3529999852180481,2.819999933242798,0.25,0.0162530293377266,0.11500000208616257,0.01396558447717347,0.04492008177322057,0.013609118415198532,0.01396558447717347,0.02189675264747593,0.04251264894863718,0.02189675264747593,4.997000217437744,0.08100000023841858,4.9029998779296875,0.25,0.005095038952352369
 1706998025353,5.7220001220703125,23.979999542236328,0.328000009059906,2.7820000648498535,0.23199999332427979,0.016477815403489523,0.11400000005960464,0.014061921381726305,0.11299999803304672,0.013769688858598956,0.014061921381726305,0.02218576333122753,0.04428901344175286,0.02218576333122753,5.291999816894531,0.08100000023841858,10.942999839782715,0.23199999332427979,0.005075483834290739
 1706998025353,2.812999963760376,23.889999389648438,0.10100000351667404,3.325000047683716,0.07199999690055847,0.016477815403489523,0.3059999942779541,0.014061921381726305,0.041999999433755875,0.013769688858598956,0.014061921381726305,0.02218576333122753,0.04428901344175286,0.02218576333122753,3.3289999961853027,0.2160000056028366,3.3889999389648438,0.07199999690055847,0.005075483834290739
 1707000329353,4.239999771118164,23.979999542236328,0.4300000071525574,3.236999988555908,0.30399999022483826,0.016702601469252443,0.30000001192092896,0.01415825828627914,0.0989999994635582,0.01393025930199938,0.01415825828627914,0.022474774014979125,0.04500000178813934,0.022474774014979125,3.375,0.21199999749660492,3.316999912261963,0.30399999022483826,0.00505592871622911
 1707000329353,2.8459999561309814,23.8700008392334,0.11599999666213989,2.8410000801086426,0.0820000022649765,0.016702601469252443,0.09799999743700027,0.01415825828627914,0.04100000113248825,0.01393025930199938,0.01415825828627914,0.022474774014979125,0.03700000047683716,0.022474774014979125,5.14300012588501,0.0689999982714653,9.265999794006348,0.0820000022649765,0.00505592871622911
 1707002633353,2.825000047683716,23.8700008392334,0.11400000005960464,2.7980000972747803,0.07999999821186066,0.016927387535015367,0.32600000500679016,0.014254595190831974,0.11699999868869781,0.014090829745399807,0.014254595190831974,0.02276378469873072,0.03700000047683716,0.02276378469873072,3.328000068664551,0.23000000417232513,3.3610000610351562,0.07999999821186066,0.00503637359816748
 1707002633353,5.820000171661377,23.979999542236328,0.3370000123977661,3.244999885559082,0.23899999260902405,0.016927387535015367,0.11699999868869781,0.014254595190831974,0.041999999433755875,0.014090829745399807,0.014254595190831974,0.02276378469873072,0.054999999701976776,0.02276378469873072,5.4679999351501465,0.0820000022649765,11.053999900817871,0.23899999260902405,0.00503637359816748
 1707004937353,2.819000005722046,23.8700008392334,0.3580000102519989,2.8259999752044678,0.2529999911785126,0.017152173600778288,0.10199999809265137,0.014350932095384808,0.11800000071525574,0.014251400188800232,0.014350932095384808,0.02305279538248232,0.03799999877810478,0.02305279538248232,5.051000118255615,0.07199999690055847,11.295000076293945,0.2529999911785126,0.00501681848010585
 1707004937353,6.038000106811523,23.979999542236328,0.1080000028014183,3.2060000896453857,0.07599999755620956,0.017152173600778288,0.31299999356269836,0.014350932095384808,0.035999998450279236,0.014251400188800232,0.014350932095384808,0.02305279538248232,0.039000000804662704,0.02305279538248232,3.2839999198913574,0.22100000083446503,3.3919999599456787,0.07599999755620956,0.00501681848010585
 1707007241353,2.7769999504089355,23.959999084472656,0.1080000028014183,3.246999979019165,0.07599999755620956,0.01737695966654121,0.29899999499320984,0.014447268999937644,0.03999999910593033,0.014411970632200658,0.014447268999937644,0.02334180606623392,0.03500000014901161,0.02334180606623392,5.297999858856201,0.210999995470047,3.313999891281128,0.07599999755620956,0.004997263362044221
 1707007241353,3.2839999198913574,23.850000381469727,0.375,2.818000078201294,0.26499998569488525,0.01737695966654121,0.10999999940395355,0.014447268999937644,0.041999999433755875,0.014411970632200658,0.014447268999937644,0.02334180606623392,0.03799999877810478,0.02334180606623392,3.3529999256134033,0.07699999958276749,5.209000110626221,0.26499998569488525,0.004997263362044221
 1707009545353,2.7939999103546143,23.959999084472656,0.11599999666213989,3.2869999408721924,0.0820000022649765,0.017601745732304133,0.11699999868869781,0.01454360590449048,0.03795553855601734,0.014572541075601082,0.01454360590449048,0.023630816749985517,0.03700000047683716,0.023630816749985517,5.4029998779296875,0.08299999684095383,4.835000038146973,0.0820000022649765,0.004977708243982591
 1707009545353,3.2799999713897705,23.850000381469727,0.3400000035762787,2.8429999351501465,0.23999999463558197,0.017601745732304133,0.3230000138282776,0.01454360590449048,0.03795553855601734,0.014572541075601082,0.01454360590449048,0.023630816749985517,0.03799999877810478,0.023630816749985517,3.2839999198913574,0.2280000001192093,3.2019999027252197,0.23999999463558197,0.004977708243982591
 1707011849353,2.802000045776367,23.850000381469727,0.10700000077486038,3.191999912261963,0.07599999755620956,0.017826531798067057,0.3190000057220459,0.014639942809043315,0.03700000047683716,0.014733111519001509,0.014639942809043315,0.023919827433737117,0.03799999877810478,0.023919827433737117,3.24399995803833,0.22499999403953552,3.2980000972747803,0.07599999755620956,0.004958153125920961
 1707011849353,4.826000213623047,23.979999542236328,0.40299999713897705,2.8269999027252197,0.2849999964237213,0.017826531798067057,0.09799999743700027,0.014639942809043315,0.09799999743700027,0.014733111519001509,0.014639942809043315,0.023919827433737117,0.03799999877810478,0.023919827433737117,4.948999881744385,0.0689999982714653,9.657999992370605,0.2849999964237213,0.004958153125920961
 1707014153353,2.811000108718872,23.920000076293945,0.1120000034570694,3.2790000438690186,0.07900000363588333,0.018051317863829977,0.10599999874830246,0.014736279713596149,0.035999998450279236,0.014893681962401933,0.014736279713596149,0.024208838117488717,0.03799999877810478,0.024208838117488717,5.36299991607666,0.07500000298023224,3.3399999141693115,0.07900000363588333,0.004938598007859332
 1707014153353,3.2109999656677246,24.1200008392334,0.3440000116825104,2.805000066757202,0.24300000071525574,0.018051317863829977,0.31299999356269836,0.014736279713596149,0.050999999046325684,0.014893681962401933,0.014736279713596149,0.024208838117488717,0.03799999877810478,0.024208838117488717,3.302999973297119,0.22100000083446503,5.224999904632568,0.24300000071525574,0.004938598007859332
 1707016457353,3.244999885559082,24,0.10999999940395355,2.8380000591278076,0.07800000160932541,0.018276103929592898,0.3009999990463257,0.014832616618148983,0.03500000014901161,0.015054252405802358,0.014832616618148983,0.024497848801240313,0.03799999877810478,0.024497848801240313,5.178999900817871,0.21299999952316284,5.343999862670898,0.07800000160932541,0.004919042889797702
 1707016457353,2.7790000438690186,24.15999984741211,0.37299999594688416,3.2009999752044678,0.2639999985694885,0.018276103929592898,0.10400000214576721,0.014832616618148983,0.05299999937415123,0.015054252405802358,0.014832616618148983,0.024497848801240313,0.03999999910593033,0.024497848801240313,3.3550000190734863,0.0729999989271164,3.2960000038146973,0.2639999985694885,0.004919042889797702
 1707018761353,2.825000047683716,24.09000015258789,0.3370000123977661,3.252000093460083,0.23800000548362732,0.018500889995355818,0.10000000149011612,0.014928953522701818,0.10599999874830246,0.015214822849202782,0.014928953522701818,0.02478685948499191,0.03400000184774399,0.02478685948499191,5.138000011444092,0.07000000029802322,3.381999969482422,0.23800000548362732,0.004900000058114529
 1707018761353,5.104000091552734,24.25,0.09600000083446503,2.8350000381469727,0.06700000166893005,0.018500889995355818,0.28700000047683716,0.014928953522701818,0.039000000804662704,0.015214822849202782,0.014928953522701818,0.02478685948499191,0.04800000041723251,0.02478685948499191,3.3589999675750732,0.2029999941587448,10.239999771118164,0.06700000166893005,0.004900000058114529
 1707021065353,2.8440001010894775,24.18000030517578,0.11999999731779099,3.2980000972747803,0.08500000089406967,0.01872567606111874,0.382999986410141,0.015025290427254654,0.03660027127603586,0.015375393292603208,0.015025290427254654,0.025075870168743512,0.03700000047683716,0.025075870168743512,5.309000015258789,0.27000001072883606,4.790999889373779,0.08500000089406967,0.006179992707219431
 1707021065353,3.2320001125335693,24.290000915527344,0.33000001311302185,2.7639999389648438,0.2329999953508377,0.01872567606111874,0.10899999737739563,0.015025290427254654,0.03660027127603586,0.015375393292603208,0.015025290427254654,0.025075870168743512,0.03700000047683716,0.025075870168743512,3.2880001068115234,0.07699999958276749,3.3369998931884766,0.2329999953508377,0.006179992707219431
 1707023369353,2.8320000171661377,24.25,0.10599999874830246,2.8399999141693115,0.07500000298023224,0.018950462126881663,0.0860000029206276,0.01512162733180749,0.03500000014901161,0.015535963736003633,0.01512162733180749,0.02536488085249511,0.035999998450279236,0.02536488085249511,5.118000030517578,0.061000000685453415,3.3420000076293945,0.07500000298023224,0.007427309341814401
 1707023369353,3.249000072479248,24.3799991607666,0.3230000138282776,3.3889999389648438,0.2290000021457672,0.018950462126881663,0.3109999895095825,0.01512162733180749,0.054999999701976776,0.015535963736003633,0.01512162733180749,0.02536488085249511,0.035999998450279236,0.02536488085249511,3.361999988555908,0.21899999678134918,5.539000034332275,0.2290000021457672,0.007427309341814401
 1707025673353,5.389999866485596,24.290000915527344,0.11400000005960464,2.805000066757202,0.08100000023841858,0.019175248192644587,0.11100000143051147,0.015217964236360324,0.10700000077486038,0.01569653417940406,0.015217964236360324,0.02565389153624671,0.035999998450279236,0.02565389153624671,3.311000108718872,0.07800000160932541,10.37399959564209,0.08100000023841858,0.008674625976409372
 1707025673353,2.819000005722046,24.399999618530273,0.38600000739097595,3.24399995803833,0.27300000190734863,0.019175248192644587,0.3619999885559082,0.015217964236360324,0.03799999877810478,0.01569653417940406,0.015217964236360324,0.02565389153624671,0.041999999433755875,0.02565389153624671,5.400000095367432,0.25600001215934753,3.253000020980835,0.27300000190734863,0.008674625976409372
 1707027977353,3.299999952316284,24.31999969482422,0.36000001430511475,2.816999912261963,0.2540000081062317,0.019400034258407507,0.10499999672174454,0.015314301140913159,0.05700000002980232,0.015857104622804485,0.015314301140913159,0.025942902219998305,0.03799999877810478,0.025942902219998305,4.953999996185303,0.07400000095367432,5.611000061035156,0.2540000081062317,0.00992194261100434
 1707027977353,2.805000066757202,24.450000762939453,0.11699999868869781,3.265000104904175,0.08299999684095383,0.019400034258407507,0.31700000166893005,0.015314301140913159,0.03700000047683716,0.015857104622804485,0.015314301140913159,0.025942902219998305,0.03799999877810478,0.025942902219998305,3.3410000801086426,0.2240000069141388,3.3970000743865967,0.08299999684095383,0.00992194261100434
 1707030281353,3.2669999599456787,24.360000610351562,0.11599999666213989,2.7950000762939453,0.0820000022649765,0.019624820324170428,0.2980000078678131,0.015410638045465993,0.04100000113248825,0.01601767506620491,0.015410638045465993,0.026231912903749904,0.038637110474773445,0.026231912903749904,3.2820000648498535,0.210999995470047,5.320000171661377,0.0820000022649765,0.011169259245599313
 1707030281353,2.802999973297119,24.469999313354492,0.34599998593330383,3.253999948501587,0.24400000274181366,0.019624820324170428,0.10499999672174454,0.015410638045465993,0.04100000113248825,0.01601767506620491,0.015410638045465993,0.026231912903749904,0.038637110474773445,0.026231912903749904,5.1020002365112305,0.07400000095367432,3.2219998836517334,0.24400000274181366,0.011169259245599313
 1707032585353,6.00600004196167,24.399999618530273,0.11299999803304672,2.8389999866485596,0.07999999821186066,0.01984960638993335,0.3569999933242798,0.015506974950018827,0.11299999803304672,0.01617824550960533,0.015506974950018827,0.0265209235875015,0.039000000804662704,0.0265209235875015,3.3489999771118164,0.25200000405311584,11.053000450134277,0.07999999821186066,0.012416575880194281
 1707032585353,2.8380000591278076,24.520000457763672,0.33799999952316284,3.174999952316284,0.23899999260902405,0.01984960638993335,0.11400000005960464,0.015506974950018827,0.035999998450279236,0.01617824550960533,0.015506974950018827,0.0265209235875015,0.039000000804662704,0.0265209235875015,4.85099983215332,0.07999999821186066,3.312000036239624,0.23899999260902405,0.012416575880194281
 1707034889353,3.2890000343322754,24.43000030517578,0.3659999966621399,2.808000087738037,0.257999986410141,0.020074392455696272,0.10100000351667404,0.015603311854571663,0.03999999910593033,0.016338815953005757,0.015603311854571663,0.0268099342712531,0.04051733596395022,0.0268099342712531,3.2660000324249268,0.07100000232458115,3.3299999237060547,0.257999986410141,0.013663892514789252
 1707034889353,2.815999984741211,24.540000915527344,0.10999999940395355,3.256999969482422,0.07800000160932541,0.020074392455696272,0.3409999907016754,0.015603311854571663,0.04100000113248825,0.016338815953005757,0.015603311854571663,0.0268099342712531,0.04051733596395022,0.0268099342712531,5.203000068664551,0.2409999966621399,5.3460001945495605,0.07800000160932541,0.013663892514789252
 1707037193353,2.7829999923706055,24.450000762939453,0.11400000005960464,2.8299999237060547,0.08100000023841858,0.020299178521459193,0.10899999737739563,0.015699648759124496,0.0430000014603138,0.016499386396406183,0.015699648759124496,0.027098944955004697,0.041999999433755875,0.027098944955004697,3.316999912261963,0.07699999958276749,5.2729997634887695,0.08100000023841858,0.014911209149384222
 1707037193353,3.309999942779541,24.579999923706055,0.39399999380111694,3.2909998893737793,0.27799999713897705,0.020299178521459193,0.29600000381469727,0.015699648759124496,0.03799999877810478,0.016499386396406183,0.015699648759124496,0.027098944955004697,0.041999999433755875,0.027098944955004697,5.172999858856201,0.20900000631809235,3.378000020980835,0.27799999713897705,0.014911209149384222
 1707039497353,3.180000066757202,24.450000762939453,0.12600000202655792,2.8369998931884766,0.08900000154972076,0.020523964587222117,0.09799999743700027,0.015795985663677334,0.0406656360866572,0.01665995683980661,0.015795985663677334,0.027387955638756296,0.039548262412718485,0.027387955638756296,5.00600004196167,0.0689999982714653,3.312999963760376,0.08900000154972076,0.016158525783979194
 1707039497353,2.7760000228881836,24.600000381469727,0.3610000014305115,3.2820000648498535,0.2549999952316284,0.020523964587222117,0.3330000042915344,0.015795985663677334,0.0406656360866572,0.01665995683980661,0.015795985663677334,0.027387955638756296,0.039548262412718485,0.027387955638756296,3.2880001068115234,0.23499999940395355,5.005000114440918,0.2549999952316284,0.016158525783979194
 1707041801353,2.819999933242798,24.489999771118164,0.38499999046325684,3.2139999866485596,0.2720000147819519,0.020748750652985037,0.33399999141693115,0.015892322568230168,0.04035041459007374,0.016820527283207036,0.015892322568230168,0.027676966322507896,0.037138277542752944,0.027676966322507896,4.836999893188477,0.23600000143051147,3.309000015258789,0.2720000147819519,0.017405842418574166
 1707041801353,3.190000057220459,24.600000381469727,0.11599999666213989,2.7829999923706055,0.0820000022649765,0.020748750652985037,0.10899999737739563,0.015892322568230168,0.04035041459007374,0.016820527283207036,0.015892322568230168,0.027676966322507896,0.037138277542752944,0.027676966322507896,3.2209999561309814,0.07699999958276749,4.989999771118164,0.0820000022649765,0.017405842418574166
 1707044105353,2.8310000896453857,24.540000915527344,0.1120000034570694,2.825000047683716,0.07900000363588333,0.020973536718747958,0.0989999994635582,0.015988659472783003,0.04003519309349028,0.016981097726607462,0.015988659472783003,0.027965977006259492,0.03700000047683716,0.027965977006259492,3.3529999256134033,0.07000000029802322,3.299999952316284,0.07900000363588333,0.01865315905316913
 1707044105353,3.2009999752044678,24.670000076293945,0.47999998927116394,3.2300000190734863,0.33899998664855957,0.020973536718747958,0.7620000243186951,0.015988659472783003,0.04003519309349028,0.016981097726607462,0.015988659472783003,0.027965977006259492,0.0560000017285347,0.027965977006259492,5.1519999504089355,0.5389999747276306,5.26800012588501,0.33899998664855957,0.01865315905316913
 1707046409353,-0.0010000000474974513,24.579999923706055,1.8140000104904175,-0.0010000000474974513,1.2829999923706055,0.0689999982714653,3.6019999980926514,0.009999999776482582,0.5289999842643738,0.007000000216066837,0.009999999776482582,0.15700000524520874,0.032999999821186066,0.15700000524520874,3.3529999256134033,2.546999931335449,3.25,1.2829999923706055,0.0714000016450882
 1707046409353,8.586000442504883,25.920000076293945,0.10599999874830246,16.222999572753906,0.07500000298023224,0.006000000052154064,0.11299999803304672,0.0949999988079071,0.035999998450279236,0.054999999701976776,0.0949999988079071,0.008999999612569809,0.9380000233650208,0.008999999612569809,19.839000701904297,0.07999999821186066,18.496999740600586,0.07500000298023224,0.004699999932199717
 1707048713353,11.704999923706055,25.899999618530273,0.12600000202655792,19.56399917602539,0.08900000154972076,0.007000000216066837,0.11599999666213989,0.009999999776482582,0.03400000184774399,0.007000000216066837,0.009999999776482582,0.009999999776482582,1.0499999523162842,0.009999999776482582,10.685999870300293,0.0820000022649765,8.100000381469727,0.08900000154972076,0.07339999824762344
 1707048713353,2.812000036239624,26.690000534057617,1.9470000267028809,2.815999984741211,1.3769999742507935,0.0729999989271164,3.805000066757202,0.09200000017881393,0.4350000023841858,0.052000001072883606,0.09200000017881393,0.13099999725818634,0.03400000184774399,0.13099999725818634,3.2780001163482666,2.690000057220459,3.1710000038146973,1.3769999742507935,0.005200000014156103
 1707051017353,2.8310000896453857,26.670000076293945,1.8569999933242798,2.816999912261963,1.312999963760376,0.07800000160932541,4.014999866485596,0.009999999776482582,0.03700000047683716,0.007000000216066837,0.009999999776482582,0.008999999612569809,1.0390000343322754,0.008999999612569809,3.4489998817443848,2.8389999866485596,3.38700008392334,1.312999963760376,0.0731000006198883
 1707051017353,4.927999973297119,27.459999084472656,0.12600000202655792,12.340999603271484,0.08900000154972076,0.007000000216066837,0.11400000005960464,0.08900000154972076,0.4779999852180481,0.04899999871850014,0.08900000154972076,0.1289999932050705,0.03500000014901161,0.1289999932050705,10.09000015258789,0.07999999821186066,7.001999855041504,0.08900000154972076,0.0052999998442828655
 1707053321353,14.107000350952148,27.389999389648438,0.10100000351667404,-32.207000732421875,0.07100000232458115,0.007000000216066837,4.546000003814697,0.009999999776482582,0.03700000047683716,0.007000000216066837,0.009999999776482582,0.008999999612569809,0.03500000014901161,0.008999999612569809,12.984000205993652,3.2139999866485596,13.055999755859375,0.07100000232458115,0.10270000249147415
 1707053321353,-23.5049991607666,27.65999984741211,2.6089999675750732,10.107000350952148,1.8450000286102295,0.25699999928474426,0.11400000005960464,0.16200000047683716,2.11899995803833,0.13899999856948853,0.16200000047683716,0.3970000147819519,4.513999938964844,0.3970000147819519,3.3469998836517334,0.07999999821186066,3.2269999980926514,1.8450000286102295,0.00430000014603138
 1707055625353,2.822000026702881,27.6200008392334,2.009000062942505,2.802999973297119,1.4199999570846558,0.007000000216066837,3.5739998817443848,0.009999999776482582,0.03500000014901161,0.007000000216066837,0.009999999776482582,0.008999999612569809,0.03500000014901161,0.008999999612569809,8.885000228881836,2.5269999504089355,8.668000221252441,1.4199999570846558,0.07900000363588333
 1707055625353,9.831000328063965,28.100000381469727,0.11599999666213989,9.335000038146973,0.0820000022649765,0.07500000298023224,0.1120000034570694,0.09000000357627869,0.5040000081062317,0.05700000002980232,0.09000000357627869,0.1379999965429306,0.8740000128746033,0.1379999965429306,3.328000068664551,0.07900000363588333,3.3529999256134033,0.0820000022649765,0.00559999980032444
 1707057929353,2.7909998893737793,27.90999984741211,0.12800000607967377,2.8420000076293945,0.09000000357627869,0.007000000216066837,0.1120000034570694,0.009999999776482582,0.46700000762939453,0.007000000216066837,0.009999999776482582,0.008999999612569809,0.9390000104904175,0.008999999612569809,7.466000080108643,0.07900000363588333,3.309000015258789,0.09000000357627869,0.08550000190734863
 1707057929353,4.204999923706055,28.229999542236328,2.1730000972747803,4.828999996185303,1.5360000133514404,0.08500000089406967,4.318999767303467,0.09099999815225601,0.03799999877810478,0.05900000035762787,0.09099999815225601,0.14399999380111694,0.03200000151991844,0.14399999380111694,3.24399995803833,3.053999900817871,8.67300033569336,1.5360000133514404,0.005499999970197678
 1707060233353,2.7739999294281006,28.170000076293945,2.124000072479248,2.811000108718872,1.5019999742507935,0.007000000216066837,4.006999969482422,0.009999999776482582,0.4740000069141388,0.007000000216066837,0.009999999776482582,0.13300000131130219,0.03500000014901161,0.13300000131130219,8.901000022888184,2.8329999446868896,5.718999862670898,1.5019999742507935,0.0835999995470047
 1707060233353,3.687000036239624,28.739999771118164,0.11699999868869781,12.800999641418457,0.08299999684095383,0.08399999886751175,0.12200000137090683,0.09000000357627869,0.032999999821186066,0.057999998331069946,0.09000000357627869,0.008999999612569809,1.1890000104904175,0.008999999612569809,3.313999891281128,0.0860000029206276,3.2119998931884766,0.08299999684095383,0.006399999838322401
 1707062537353,-0.0010000000474974513,28.649999618530273,1.9210000038146973,-0.0010000000474974513,1.3580000400543213,0.007000000216066837,3.6640000343322754,0.009999999776482582,1.4930000305175781,0.007000000216066837,0.009999999776482582,0.008999999612569809,0.032999999821186066,0.008999999612569809,19.388999938964844,2.5910000801086426,3.3340001106262207,1.3580000400543213,0.07559999823570251
 1707062537353,6.289999961853027,28.920000076293945,0.12300000339746475,7.889999866485596,0.08699999749660492,0.0860000029206276,0.09200000017881393,0.09200000017881393,0.035999998450279236,0.06599999964237213,0.09200000017881393,0.34200000762939453,6.644000053405762,0.34200000762939453,3.3299999237060547,0.06499999761581421,16.104000091552734,0.08699999749660492,0.004800000227987766
 1707064841353,7.683000087738037,28.850000381469727,0.5210000276565552,7.21999979019165,0.36899998784065247,0.007000000216066837,0.6790000200271606,0.04399999976158142,0.03700000047683716,0.00800000037997961,0.04399999976158142,0.009999999776482582,0.03500000014901161,0.009999999776482582,3.3929998874664307,0.47999998927116394,3.3489999771118164,0.36899998784065247,0.0066999997943639755
 1707064841353,2.7820000648498535,28.260000228881836,0.10300000011920929,2.8359999656677246,0.0729999989271164,0.007000000216066837,0.10899999737739563,0.009999999776482582,0.2630000114440918,0.00800000037997961,0.009999999776482582,0.0820000022649765,0.5730000138282776,0.0820000022649765,6.99399995803833,0.07699999958276749,10.378999710083008,0.0729999989271164,0.0066999997943639755
 1707067145353,2.8450000286102295,28.329999923706055,0.12300000339746475,3.2990000247955322,0.08699999749660492,0.007000000216066837,0.29100000858306885,0.009999999776482582,0.05700000002980232,0.00800000037997961,0.009999999776482582,0.009999999776482582,0.039265136816316444,0.009999999776482582,3.4040000438690186,0.20499999821186066,5.460999965667725,0.08699999749660492,0.006746552988632124
 1707067145353,3.2360000610351562,27.729999542236328,0.40799999237060547,2.7750000953674316,0.2879999876022339,0.007000000216066837,0.10300000011920929,0.009999999776482582,0.035999998450279236,0.00800000037997961,0.009999999776482582,0.009999999776482582,0.039265136816316444,0.009999999776482582,5.0329999923706055,0.0729999989271164,3.311000108718872,0.2879999876022339,0.006746552988632124
 1707069449353,3.203000068664551,27.780000686645508,0.11699999868869781,2.7839999198913574,0.08299999684095383,0.007000000216066837,0.10999999940395355,0.009999999776482582,0.04500000178813934,0.00800000037997961,0.009999999776482582,0.009999999776482582,0.054999999701976776,0.009999999776482582,3.2039999961853027,0.07699999958276749,3.2760000228881836,0.08299999684095383,0.006787068095535806
 1707069449353,2.765000104904175,27.229999542236328,0.45899999141693115,3.2690000534057617,0.3240000009536743,0.007000000216066837,0.28999999165534973,0.009999999776482582,0.035999998450279236,0.00800000037997961,0.009999999776482582,0.009999999776482582,0.035999998450279236,0.009999999776482582,5.5370001792907715,0.20499999821186066,5.3460001945495605,0.3240000009536743,0.006787068095535806
 1707071753353,2.7750000953674316,27.299999237060547,0.11599999666213989,2.808000087738037,0.0820000022649765,0.007000000216066837,0.29499998688697815,0.009999999776482582,0.03799999877810478,0.00800000037997961,0.009999999776482582,0.009999999776482582,0.050999999046325684,0.009999999776482582,4.909999847412109,0.20900000631809235,5.465000152587891,0.0820000022649765,0.006827583202439489
 1707071753353,3.234999895095825,26.780000686645508,0.328000009059906,3.256999969482422,0.23199999332427979,0.007000000216066837,0.10400000214576721,0.009999999776482582,0.052000001072883606,0.00800000037997961,0.009999999776482582,0.009999999776482582,0.03700000047683716,0.009999999776482582,3.4170000553131104,0.0729999989271164,3.1429998874664307,0.23199999332427979,0.006827583202439489
 1707074057353,5.123000144958496,26.850000381469727,0.10700000077486038,2.7909998893737793,0.07599999755620956,0.007000000216066837,0.3059999942779541,0.009999999776482582,0.035999998450279236,0.00800000037997961,0.009999999776482582,0.009999999776482582,0.04100000113248825,0.009999999776482582,3.2869999408721924,0.21699999272823334,10.166000366210938,0.07599999755620956,0.0068680983093431704
 1707074057353,2.8239998817443848,26.420000076293945,0.4129999876022339,3.2320001125335693,0.2919999957084656,0.007000000216066837,0.10300000011920929,0.009999999776482582,0.1080000028014183,0.00800000037997961,0.009999999776482582,0.009999999776482582,0.04100000113248825,0.009999999776482582,4.9629998207092285,0.0729999989271164,3.309999942779541,0.2919999957084656,0.0068680983093431704
 1707076361353,4.296000003814697,26.489999771118164,0.11299999803304672,2.8359999656677246,0.07999999821186066,0.007000000216066837,0.2709999978542328,0.009999999776482582,0.03700000047683716,0.00800000037997961,0.009999999776482582,0.009999999776482582,0.041999999433755875,0.009999999776482582,3.2699999809265137,0.19099999964237213,9.201000213623047,0.07999999821186066,0.006908613416246853
 1707076361353,2.821000099182129,26.1299991607666,0.35199999809265137,3.243000030517578,0.24899999797344208,0.007000000216066837,0.11299999803304672,0.009999999776482582,0.0949999988079071,0.00800000037997961,0.009999999776482582,0.009999999776482582,0.039000000804662704,0.009999999776482582,5.452000141143799,0.07999999821186066,3.319000005722046,0.24899999797344208,0.006908613416246853
 1707078665353,3.191999912261963,26.149999618530273,0.31299999356269836,2.8550000190734863,0.22100000083446503,0.007000000216066837,0.11400000005960464,0.009999999776482582,0.03957588423483128,0.00800000037997961,0.009999999776482582,0.009999999776482582,0.03836125042010906,0.009999999776482582,5.019000053405762,0.08100000023841858,3.3310000896453857,0.22100000083446503,0.006949128523150535
 1707078665353,2.812000036239624,25.860000610351562,0.11500000208616257,3.200000047683716,0.08100000023841858,0.007000000216066837,0.3199999928474426,0.009999999776482582,0.03957588423483128,0.00800000037997961,0.009999999776482582,0.009999999776482582,0.03836125042010906,0.009999999776482582,3.36299991607666,0.22599999606609344,4.888999938964844,0.08100000023841858,0.006949128523150535
 1707080969353,3.2019999027252197,25.899999618530273,0.10700000077486038,3.2980000972747803,0.07500000298023224,0.007000000216066837,0.2919999957084656,0.009999999776482582,0.03923541938927231,0.00800000037997961,0.009999999776482582,0.009999999776482582,0.037917718548353845,0.009999999776482582,5.119999885559082,0.20600000023841858,3.26200008392334,0.07500000298023224,0.006989643630054217
 1707080969353,2.7980000972747803,25.6299991607666,0.34299999475479126,2.7950000762939453,0.24199999868869781,0.007000000216066837,0.1080000028014183,0.009999999776482582,0.03923541938927231,0.00800000037997961,0.009999999776482582,0.009999999776482582,0.037917718548353845,0.009999999776482582,3.372999906539917,0.07599999755620956,5.078000068664551,0.24199999868869781,0.006989643630054217
 1707083273353,2.811000108718872,25.68000030517578,0.3919999897480011,3.2669999599456787,0.2770000100135803,0.007000000216066837,0.30799999833106995,0.009999999776482582,0.039000000804662704,0.00800000037997961,0.009999999776482582,0.009999999776482582,0.03747418667659863,0.009999999776482582,3.3369998931884766,0.21799999475479126,3.309000015258789,0.2770000100135803,0.007030158736957899
 1707083273353,3.884999990463257,25.40999984741211,0.10999999940395355,2.819000005722046,0.07800000160932541,0.007000000216066837,0.10999999940395355,0.009999999776482582,0.08799999952316284,0.00800000037997961,0.009999999776482582,0.009999999776482582,0.03747418667659863,0.009999999776482582,5.021999835968018,0.07800000160932541,8.41100025177002,0.07800000160932541,0.007030158736957899
 1707085577353,2.815000057220459,25.450000762939453,0.11400000005960464,3.2079999446868896,0.08100000023841858,0.007000000216066837,0.3479999899864197,0.009999999776482582,0.039000000804662704,0.00800000037997961,0.009999999776482582,0.009999999776482582,0.03703065480484342,0.009999999776482582,5.046999931335449,0.2460000067949295,3.303999900817871,0.08100000023841858,0.007070673843861582
 1707085577353,3.23799991607666,25.209999084472656,0.32600000500679016,2.765000104904175,0.23100000619888306,0.007000000216066837,0.11400000005960464,0.009999999776482582,0.0560000017285347,0.00800000037997961,0.009999999776482582,0.009999999776482582,0.03703065480484342,0.009999999776482582,3.311000108718872,0.08100000023841858,5.408999919891357,0.23100000619888306,0.007070673843861582
 1707087881353,2.8380000591278076,25.25,0.3700000047683716,2.7950000762939453,0.08399999886751175,0.007000000216066837,0.10700000077486038,0.009999999776482582,0.12200000137090683,0.00800000037997961,0.009999999776482582,0.009999999776482582,0.03700000047683716,0.009999999776482582,5.288000106811523,0.07500000298023224,11.663000106811523,0.08399999886751175,0.0071111889507652635
 1707087881353,6.498000144958496,25.049999237060547,0.11900000274181366,3.200000047683716,0.26100000739097595,0.007000000216066837,0.3330000042915344,0.009999999776482582,0.039000000804662704,0.00800000037997961,0.009999999776482582,0.009999999776482582,0.03999999910593033,0.009999999776482582,3.3329999446868896,0.23499999940395355,3.364000082015991,0.26100000739097595,0.0071111889507652635
 1707090185353,5.683000087738037,25.1200008392334,0.39500001072883606,3.2149999141693115,0.27900001406669617,0.007000000216066837,0.0989999994635582,0.009999999776482582,0.035999998450279236,0.00800000037997961,0.009999999776482582,0.009999999776482582,0.040490814597833935,0.009999999776482582,5.1579999923706055,0.07000000029802322,3.321000099182129,0.27900001406669617,0.007151704057668946
 1707090185353,2.822999954223633,24.959999084472656,0.11900000274181366,2.828000068664551,0.08399999886751175,0.007000000216066837,0.3479999899864197,0.009999999776482582,0.10999999940395355,0.00800000037997961,0.009999999776482582,0.009999999776482582,0.040490814597833935,0.009999999776482582,3.359999895095825,0.2460000067949295,10.88700008392334,0.08399999886751175,0.007151704057668946
 1707092489353,2.7939999103546143,25.030000686645508,0.34200000762939453,3.2079999446868896,0.24199999868869781,0.007000000216066837,0.1080000028014183,0.009999999776482582,0.03700000047683716,0.00800000037997961,0.009999999776482582,0.009999999776482582,0.04078123796582423,0.009999999776482582,4.8429999351501465,0.07599999755620956,3.257999897003174,0.24199999868869781,0.007192219164572628
 1707092489353,5.531000137329102,24.829999923706055,0.12200000137090683,2.805000066757202,0.0860000029206276,0.007000000216066837,0.2939999997615814,0.009999999776482582,0.11299999803304672,0.00800000037997961,0.009999999776482582,0.009999999776482582,0.04078123796582423,0.009999999776482582,3.3510000705718994,0.20800000429153442,10.758999824523926,0.0860000029206276,0.007192219164572628
 1707094793353,2.809000015258789,24.920000076293945,0.11100000143051147,2.8369998931884766,0.07900000363588333,0.007000000216066837,0.28600001335144043,0.009999999776482582,0.04077173780238503,0.00800000037997961,0.009999999776482582,0.009999999776482582,0.04600000008940697,0.009999999776482582,3.3269999027252197,0.20200000703334808,3.2690000534057617,0.07900000363588333,0.007199999876320362
 1707094793353,3.1989998817443848,24.760000228881836,0.3569999933242798,3.2739999294281006,0.25200000405311584,0.007000000216066837,0.10700000077486038,0.009999999776482582,0.04077173780238503,0.00800000037997961,0.009999999776482582,0.009999999776482582,0.03700000047683716,0.009999999776482582,5.340000152587891,0.07500000298023224,4.919000148773193,0.25200000405311584,0.007199999876320362
 1707097097353,2.811000108718872,24.829999923706055,0.34200000762939453,3.2019999027252197,0.24199999868869781,0.007000000216066837,0.3230000138282776,0.009999999776482582,0.03799999877810478,0.00800000037997961,0.009999999776482582,0.009999999776482582,0.03799999877810478,0.009999999776482582,5.0329999923706055,0.2280000001192093,3.359999895095825,0.24199999868869781,0.007335338365100106
 1707097097353,3.23799991607666,24.649999618530273,0.1080000028014183,2.7769999504089355,0.07599999755620956,0.007000000216066837,0.11699999868869781,0.009999999776482582,0.05999999865889549,0.00800000037997961,0.009999999776482582,0.009999999776482582,0.03799999877810478,0.009999999776482582,3.3310000896453857,0.0820000022649765,5.843999862670898,0.07599999755620956,0.007335338365100106
 1707099401353,2.8399999141693115,24.739999771118164,0.34200000762939453,2.8340001106262207,0.24199999868869781,0.007000000216066837,0.10899999737739563,0.009999999776482582,0.035999998450279236,0.00800000037997961,0.009999999776482582,0.009999999776482582,0.03980960076439608,0.009999999776482582,4.8420000076293945,0.07699999958276749,9.378999710083008,0.24199999868869781,0.007410195574868308
 1707099401353,4.579999923706055,24.579999923706055,0.10499999672174454,3.2690000534057617,0.07400000095367432,0.007000000216066837,0.335999995470047,0.009999999776482582,0.09700000286102295,0.00800000037997961,0.009999999776482582,0.009999999776482582,0.03980960076439608,0.009999999776482582,3.365999937057495,0.2370000034570694,3.384999990463257,0.07400000095367432,0.007410195574868308
 1707101705353,2.8329999446868896,24.649999618530273,0.12099999934434891,2.8289999961853027,0.08500000089406967,0.007000000216066837,0.3089999854564667,0.009999999776482582,0.04026248013210947,0.00800000037997961,0.009999999776482582,0.009999999776482582,0.04087525195269174,0.009999999776482582,3.3450000286102295,0.21799999475479126,5.0980000495910645,0.08500000089406967,0.00748505278463651
 1707101705353,3.171999931335449,24.520000457763672,0.3610000014305115,3.2100000381469727,0.2549999952316284,0.007000000216066837,0.11599999666213989,0.009999999776482582,0.04026248013210947,0.00800000037997961,0.009999999776482582,0.009999999776482582,0.04087525195269174,0.009999999776482582,5.013999938964844,0.0820000022649765,3.322000026702881,0.2549999952316284,0.00748505278463651
 1707104009353,4.97599983215332,24.579999923706055,0.4339999854564667,2.822000026702881,0.3070000112056732,0.007000000216066837,0.11400000005960464,0.009999999776482582,0.03999999910593033,0.00800000037997961,0.009999999776482582,0.009999999776482582,0.04399999976158142,0.009999999776482582,5.465000152587891,0.07999999821186066,9.954000473022461,0.3070000112056732,0.007559909994404712
 1707104009353,2.813999891281128,24.43000030517578,0.11800000071525574,3.2820000648498535,0.08299999684095383,0.007000000216066837,0.33799999952316284,0.009999999776482582,0.10300000011920929,0.00800000037997961,0.009999999776482582,0.009999999776482582,0.03799999877810478,0.009999999776482582,3.3529999256134033,0.23899999260902405,3.3889999389648438,0.08299999684095383,0.007559909994404712
 1707106313353,2.796999931335449,24.520000457763672,0.11900000274181366,2.811000108718872,0.08399999886751175,0.007000000216066837,0.10400000214576721,0.009999999776482582,0.0949999988079071,0.00800000037997961,0.009999999776482582,0.009999999776482582,0.037284961759761925,0.009999999776482582,3.3429999351501465,0.0729999989271164,3.3489999771118164,0.08399999886751175,0.007634767204172915
 1707106313353,4.251999855041504,24.360000610351562,0.3619999885559082,3.2160000801086426,0.25600001215934753,0.007000000216066837,0.32499998807907104,0.009999999776482582,0.03999999910593033,0.00800000037997961,0.009999999776482582,0.009999999776482582,0.037284961759761925,0.009999999776482582,4.997000217437744,0.23000000417232513,9.310999870300293,0.25600001215934753,0.007634767204172915
 1707108617353,4.992000102996826,24.43000030517578,0.3330000042915344,2.819000005722046,0.23499999940395355,0.007000000216066837,0.10899999737739563,0.009999999776482582,0.10499999672174454,0.00800000037997961,0.009999999776482582,0.009999999776482582,0.03700000047683716,0.009999999776482582,5.869999885559082,0.07699999958276749,10.166000366210938,0.23499999940395355,0.0077096244139411175
 1707108617353,2.7780001163482666,24.34000015258789,0.11699999868869781,3.390000104904175,0.0820000022649765,0.007000000216066837,0.30799999833106995,0.009999999776482582,0.03500000014901161,0.00800000037997961,0.009999999776482582,0.009999999776482582,0.05900000035762787,0.009999999776482582,3.364000082015991,0.21699999272823334,3.4059998989105225,0.0820000022649765,0.0077096244139411175
 1707110921353,5.627999782562256,24.34000015258789,0.10700000077486038,2.7950000762939453,0.07599999755620956,0.007000000216066837,0.11100000143051147,0.009999999776482582,0.035999998450279236,0.00800000037997961,0.009999999776482582,0.009999999776482582,0.04119239510898597,0.009999999776482582,5.10099983215332,0.07900000363588333,10.45199966430664,0.07599999755620956,0.00778448162370932
 1707110921353,2.809000015258789,24.450000762939453,0.32899999618530273,3.26200008392334,0.2329999953508377,0.007000000216066837,0.3630000054836273,0.009999999776482582,0.10999999940395355,0.00800000037997961,0.009999999776482582,0.009999999776482582,0.04119239510898597,0.009999999776482582,3.3540000915527344,0.25699999928474426,3.319999933242798,0.2329999953508377,0.00778448162370932
 1707113225353,2.8329999446868896,24.34000015258789,0.3400000035762787,2.809000015258789,0.23999999463558197,0.007000000216066837,0.3070000112056732,0.009999999776482582,0.03700000047683716,0.00800000037997961,0.009999999776482582,0.009999999776482582,0.04133213701580638,0.009999999776482582,5.03000020980835,0.21699999272823334,5.25600004196167,0.23999999463558197,0.007859338833477522
 1707113225353,3.2769999504089355,24.450000762939453,0.10700000077486038,3.2269999980926514,0.07599999755620956,0.007000000216066837,0.11400000005960464,0.009999999776482582,0.04500000178813934,0.00800000037997961,0.009999999776482582,0.009999999776482582,0.04133213701580638,0.009999999776482582,3.3989999294281006,0.08100000023841858,3.4019999504089355,0.07599999755620956,0.007859338833477522
 1707115529353,2.7909998893737793,24.450000762939453,0.11800000071525574,3.2279999256134033,0.08299999684095383,0.007000000216066837,0.36899998784065247,0.009999999776482582,0.10899999737739563,0.00800000037997961,0.009999999776482582,0.009999999776482582,0.0414718789226268,0.009999999776482582,4.868000030517578,0.26100000739097595,3.1510000228881836,0.08299999684095383,0.007934196043245724
 1707115529353,5.310999870300293,24.31999969482422,0.3779999911785126,2.759000062942505,0.2669999897480011,0.007000000216066837,0.10300000011920929,0.009999999776482582,0.035999998450279236,0.00800000037997961,0.009999999776482582,0.009999999776482582,0.0414718789226268,0.009999999776482582,3.302999973297119,0.07199999690055847,10.508999824523926,0.2669999897480011,0.007934196043245724
 1707117833353,3.239000082015991,24.450000762939453,0.39500001072883606,3.2300000190734863,0.27900001406669617,0.007000000216066837,0.33399999141693115,0.009999999776482582,0.039000000804662704,0.00800000037997961,0.009999999776482582,0.009999999776482582,0.04161162082944721,0.009999999776482582,3.24399995803833,0.23600000143051147,3.365999937057495,0.27900001406669617,0.008009053253013926
 1707117833353,2.813999891281128,24.34000015258789,0.11699999868869781,2.7750000953674316,0.08299999684095383,0.007000000216066837,0.11299999803304672,0.009999999776482582,0.039000000804662704,0.00800000037997961,0.009999999776482582,0.009999999776482582,0.04161162082944721,0.009999999776482582,4.968999862670898,0.07999999821186066,5.296000003814697,0.08299999684095383,0.008009053253013926
 1707120137353,2.825000047683716,24.360000610351562,0.3790000081062317,3.177999973297119,0.2680000066757202,0.007000000216066837,0.11400000005960464,0.009999999776482582,0.03400000184774399,0.00800000037997961,0.009999999776482582,0.009999999776482582,0.041751362736267617,0.009999999776482582,3.3380000591278076,0.08100000023841858,11.987000465393066,0.2680000066757202,0.008083910462782128
 1707120137353,7.060999870300293,24.469999313354492,0.10999999940395355,2.806999921798706,0.07699999958276749,0.007000000216066837,0.32600000500679016,0.009999999776482582,0.12700000405311584,0.00800000037997961,0.009999999776482582,0.009999999776482582,0.041751362736267617,0.009999999776482582,5.001999855041504,0.23000000417232513,3.365000009536743,0.07699999958276749,0.008083910462782128
 1707122441353,2.8259999752044678,24.3799991607666,0.4359999895095825,2.7869999408721924,0.30799999833106995,0.007000000216066837,0.1120000034570694,0.009999999776482582,0.11800000071525574,0.00800000037997961,0.009999999776482582,0.009999999776482582,0.04189110464308803,0.009999999776482582,5.0370001792907715,0.07900000363588333,3.260999917984009,0.30799999833106995,0.00815876767255033
 1707122441353,6.6579999923706055,24.469999313354492,0.11900000274181366,3.253999948501587,0.08399999886751175,0.007000000216066837,0.3370000123977661,0.009999999776482582,0.035999998450279236,0.00800000037997961,0.009999999776482582,0.009999999776482582,0.04189110464308803,0.009999999776482582,3.3350000381469727,0.23800000548362732,11.54699993133545,0.08399999886751175,0.00815876767255033
 1707124745353,2.819000005722046,24.360000610351562,0.4129999876022339,2.819999933242798,0.2919999957084656,0.007000000216066837,0.3109999895095825,0.009999999776482582,0.03700000047683716,0.00800000037997961,0.009999999776482582,0.009999999776482582,0.041999999433755875,0.009999999776482582,5.130000114440918,0.2199999988079071,5.133999824523926,0.2919999957084656,0.008233624882318533
 1707124745353,3.2209999561309814,24.489999771118164,0.11100000143051147,3.2090001106262207,0.07800000160932541,0.007000000216066837,0.10400000214576721,0.009999999776482582,0.039000000804662704,0.00800000037997961,0.009999999776482582,0.009999999776482582,0.041999999433755875,0.009999999776482582,3.3259999752044678,0.0729999989271164,3.2960000038146973,0.07800000160932541,0.008233624882318533
 1707127049353,3.174999952316284,24.43000030517578,0.3799999952316284,3.2219998836517334,0.2680000066757202,0.007000000216066837,0.3240000009536743,0.009999999776482582,0.04399999976158142,0.00800000037997961,0.009999999776482582,0.009999999776482582,0.041999999433755875,0.009999999776482582,3.3589999675750732,0.2290000021457672,3.388000011444092,0.2680000066757202,0.008308482092086735
 1707127049353,2.8329999446868896,24.540000915527344,0.10199999809265137,2.7929999828338623,0.07199999690055847,0.007000000216066837,0.10599999874830246,0.009999999776482582,0.04399999976158142,0.00800000037997961,0.009999999776482582,0.009999999776482582,0.041999999433755875,0.009999999776482582,5.349999904632568,0.07500000298023224,4.988999843597412,0.07199999690055847,0.008308482092086735
 1707129353353,6.739999771118164,24.450000762939453,0.10599999874830246,2.822999954223633,0.07500000298023224,0.007000000216066837,0.11400000005960464,0.009999999776482582,0.12399999797344208,0.00800000037997961,0.009999999776482582,0.009999999776482582,0.041999999433755875,0.009999999776482582,3.390000104904175,0.07999999821186066,3.2890000343322754,0.07500000298023224,0.008383339301854937
 1707129353353,2.7669999599456787,24.600000381469727,0.35899999737739563,3.2139999866485596,0.2540000081062317,0.007000000216066837,0.35600000619888306,0.009999999776482582,0.03700000047683716,0.00800000037997961,0.009999999776482582,0.009999999776482582,0.041999999433755875,0.009999999776482582,5.243000030517578,0.25099998712539673,11.718000411987305,0.2540000081062317,0.008383339301854937
 1707131657353,3.197000026702881,24.520000457763672,0.33000001311302185,3.242000102996826,0.23399999737739563,0.007000000216066837,0.10700000077486038,0.009999999776482582,0.03799999877810478,0.00800000037997961,0.009999999776482582,0.009999999776482582,0.041999999433755875,0.009999999776482582,3.380000114440918,0.07500000298023224,3.361999988555908,0.23399999737739563,0.008458196511623139
 1707131657353,2.813999891281128,24.649999618530273,0.12399999797344208,2.802000045776367,0.08699999749660492,0.007000000216066837,0.3140000104904175,0.009999999776482582,0.03799999877810478,0.00800000037997961,0.009999999776482582,0.009999999776482582,0.041999999433755875,0.009999999776482582,5.139999866485596,0.22200000286102295,5.375999927520752,0.08699999749660492,0.008458196511623139
 1707133961353,2.819000005722046,24.579999923706055,0.10300000011920929,3.178999900817871,0.0729999989271164,,0.1120000034570694,,0.05700000002980232,,,,,,5.165999889373779,0.07900000363588333,5.619999885559082,0.0729999989271164,0.03189999982714653
 1707133961353,3.2049999237060547,24.690000534057617,0.8109999895095825,2.8399999141693115,0.5730000138282776,,1.3209999799728394,,0.03799999877810478,,,,,,3.36899995803833,0.9340000152587891,3.4070000648498535,0.5730000138282776,0.00839999970048666
 1707136265353,,,,,,,,,,,,,,,,,,,
 1707138569353,7.145999908447266,24.670000076293945,1.6130000352859497,9.704000473022461,1.1410000324249268,0.007000000216066837,2.3399999141693115,0.009999999776482582,0.032999999821186066,0.007000000216066837,0.009999999776482582,0.008999999612569809,0.2680000066757202,0.008999999612569809,3.364000082015991,1.6549999713897705,3.3010001182556152,1.1410000324249268,0.06350000202655792
 1707138569353,2.803999900817871,24.809999465942383,0.11500000208616257,2.756999969482422,0.0820000022649765,0.054999999701976776,0.11299999803304672,0.04500000178813934,0.20000000298023224,0.04899999871850014,0.04500000178813934,0.07900000363588333,0.03700000047683716,0.07900000363588333,7.558000087738037,0.07999999821186066,9.513999938964844,0.0820000022649765,0.005900000222027302
 1707140873353,2.812999963760376,24.719999313354492,0.35899999737739563,2.821000099182129,0.2540000081062317,0.00997975086378071,0.3009999990463257,0.010496624961521256,0.037394837460184016,0.010965125258914011,0.010496624961521256,0.01299271422137716,0.03635963847023414,0.01299271422137716,3.265000104904175,0.21299999952316284,4.945000171661377,0.2540000081062317,0.011583164356183017
 1707140873353,3.2219998836517334,24.8700008392334,0.10400000214576721,3.1619999408721924,0.0729999989271164,0.00997975086378071,0.10599999874830246,0.010496624961521256,0.037394837460184016,0.010965125258914011,0.010496624961521256,0.01299271422137716,0.03635963847023414,0.01299271422137716,5.218999862670898,0.07500000298023224,3.4010000228881836,0.0729999989271164,0.011583164356183017
 1707143177353,2.809999942779541,24.780000686645508,0.3319999873638153,3.187999963760376,0.23499999940395355,0.012432930364712535,0.10499999672174454,0.010905488275140488,0.035999998450279236,0.01424242784412945,0.010905488275140488,0.013810876416911866,0.035999998450279236,0.013810876416911866,3.38700008392334,0.07400000095367432,3.3289999961853027,0.23499999940395355,0.013537501617294667
 1707143177353,4.923999786376953,24.8700008392334,0.11800000071525574,2.821000099182129,0.08299999684095383,0.012432930364712535,0.3700000047683716,0.010905488275140488,0.1080000028014183,0.01424242784412945,0.010905488275140488,0.013810876416911866,0.035999998450279236,0.013810876416911866,5.13100004196167,0.2619999945163727,10.208000183105469,0.08299999684095383,0.013537501617294667
 1707145481353,2.8399999141693115,24.780000686645508,0.125,2.821000099182129,0.08799999952316284,0.007000000216066837,0.125,0.009999999776482582,0.035999998450279236,0.007000000216066837,0.009999999776482582,0.008999999612569809,0.03400000184774399,0.008999999612569809,3.371000051498413,0.08799999952316284,3.437000036239624,0.08799999952316284,0.00559999980032444
 1707145481353,4.13100004196167,25.559999465942383,2.196000099182129,7.166999816894531,1.5520000457763672,0.08699999749660492,2.86899995803833,0.0860000029206276,0.5899999737739563,0.07699999958276749,0.0860000029206276,0.15000000596046448,1.2680000066757202,0.15000000596046448,8.939000129699707,2.0280001163482666,6.855999946594238,1.5520000457763672,0.08640000224113464
 1707147785353,2.8299999237060547,25.59000015258789,2.4820001125335693,2.822000026702881,1.7549999952316284,0.007000000216066837,2.9200000762939453,0.009999999776482582,0.03500000014901161,0.007000000216066837,0.009999999776482582,0.008999999612569809,0.03400000184774399,0.008999999612569809,3.244999885559082,2.063999891281128,3.388000011444092,1.7549999952316284,0.09769999980926514
 1707147785353,4.052999973297119,27.780000686645508,0.11699999868869781,14.61400032043457,0.08299999684095383,0.0949999988079071,0.12700000405311584,0.0989999994635582,0.6079999804496765,0.08699999749660492,0.0989999994635582,0.16200000047683716,1.906999945640564,0.16200000047683716,11.142999649047852,0.09000000357627869,6.429999828338623,0.08299999684095383,0.004999999888241291
 1707150089353,2.859999895095825,27.780000686645508,0.10300000011920929,22.450000762939453,0.0729999989271164,0.08900000154972076,0.11699999868869781,0.009999999776482582,0.03700000047683716,0.08500000089406967,0.009999999776482582,0.008999999612569809,1.8569999933242798,0.008999999612569809,13.595999717712402,0.08299999684095383,3.3289999961853027,0.0729999989271164,0.005900000222027302
 1707150089353,12.765000343322754,28.510000228881836,2.303999900817871,2.8259999752044678,1.628999948501587,0.006000000052154064,2.927999973297119,0.09300000220537186,0.8960000276565552,0.007000000216066837,0.09300000220537186,0.16899999976158142,0.032999999821186066,0.16899999976158142,3.312999963760376,2.069999933242798,10.654999732971191,1.628999948501587,0.08550000190734863
 1707152393353,-7.539000034332275,28.440000534057617,0.11500000208616257,28.98699951171875,0.08100000023841858,0.007000000216066837,2.799999952316284,0.009999999776482582,1.3459999561309814,0.007000000216066837,0.009999999776482582,0.2199999988079071,4.738999843597412,0.2199999988079071,21.525999069213867,1.9800000190734863,17.426000595092773,0.08100000023841858,0.0925000011920929
 1707152393353,19.986000061035156,29.040000915527344,2.3489999771118164,-20.349000930786133,1.6610000133514404,0.18700000643730164,0.12099999934434891,0.09700000286102295,0.03500000014901161,0.0949999988079071,0.09700000286102295,0.008999999612569809,0.03500000014901161,0.008999999612569809,3.3269999027252197,0.08500000089406967,3.361999988555908,1.6610000133514404,0.006099999882280827
 1707154697353,2.7929999828338623,28.950000762939453,0.11500000208616257,2.8410000801086426,0.08100000023841858,0.007000000216066837,0.11599999666213989,0.009999999776482582,0.039000000804662704,0.007000000216066837,0.009999999776482582,0.008999999612569809,0.03400000184774399,0.008999999612569809,3.2639999389648438,0.0820000022649765,3.2320001125335693,0.08100000023841858,0.006000000052154064
 1707154697353,9.031000137329102,28.489999771118164,2.638000011444092,24.634000778198242,1.8650000095367432,0.11299999803304672,3.5799999237060547,0.10400000214576721,1.0420000553131104,0.0820000022649765,0.10400000214576721,0.2029999941587448,2.315000057220459,0.2029999941587448,11.366999626159668,2.5309998989105225,10.168000221252441,1.8650000095367432,0.1005999967455864