"id","time","previous","difference","productionLineName","seats","spacers"
35295,"2024-03-07 20:40:22.70123+00","2024-03-07 20:40:20.185563+00","00:00:02.515667","25",False,False
35801,"2024-03-13 11:41:50.29073+00","2024-03-13 11:41:46.783555+00","00:00:03.507175","25",False,False
35500,"2024-03-11 19:30:17.02699+00","2024-03-11 19:30:11.32118+00","00:00:05.70581","25",False,False
35487,"2024-03-11 18:07:10.909131+00","2024-03-11 18:07:04.454874+00","00:00:06.454257","25",False,False
35744,"2024-03-13 02:52:27.027723+00","2024-03-13 02:52:19.49892+00","00:00:07.528803","25",False,False
35179,"2024-03-07 11:25:01.483057+00","2024-03-07 11:24:52.891758+00","00:00:08.591299","25",False,False
35677,"2024-03-12 18:14:45.117879+00","2024-03-12 18:14:33.066816+00","00:00:12.051063","25",False,False
35826,"2024-03-13 13:37:11.110225+00","2024-03-13 13:36:58.085272+00","00:00:13.024953","25",False,False
35875,"2024-03-13 19:29:25.565678+00","2024-03-13 19:29:10.978098+00","00:00:14.58758","25",False,False
35894,"2024-03-13 21:35:21.139266+00","2024-03-13 21:35:05.854603+00","00:00:15.284663","25",False,False
35681,"2024-03-12 18:37:40.611222+00","2024-03-12 18:37:25.211215+00","00:00:15.400007","25",False,False
35609,"2024-03-12 11:57:06.881124+00","2024-03-12 11:56:49.357386+00","00:00:17.523738","25",False,False
35480,"2024-03-11 17:27:55.114279+00","2024-03-11 17:27:35.847979+00","00:00:19.2663","25",False,False
35290,"2024-03-07 20:21:13.855185+00","2024-03-07 20:20:53.549681+00","00:00:20.305504","25",False,False
35262,"2024-03-07 18:12:42.359993+00","2024-03-07 18:12:20.201753+00","00:00:22.15824","25",False,False
35438,"2024-03-11 13:21:40.350517+00","2024-03-11 13:21:17.932881+00","00:00:22.417636","25",False,False
35432,"2024-03-11 12:51:18.217526+00","2024-03-11 12:50:53.351728+00","00:00:24.865798","25",False,False
35217,"2024-03-07 14:25:32.859779+00","2024-03-07 14:25:06.651563+00","00:00:26.208216","25",False,False
35483,"2024-03-11 17:41:59.920171+00","2024-03-11 17:41:32.85026+00","00:00:27.069911","25",False,False
35653,"2024-03-12 15:48:37.221893+00","2024-03-12 15:48:04.866575+00","00:00:32.355318","25",False,False
35606,"2024-03-12 11:46:16.855069+00","2024-03-12 11:45:43.23533+00","00:00:33.619739","25",False,False
35667,"2024-03-12 17:30:58.663609+00","2024-03-12 17:30:19.691393+00","00:00:38.972216","25",False,False
35214,"2024-03-07 14:07:03.574886+00","2024-03-07 14:06:21.09397+00","00:00:42.480916","25",False,False
35274,"2024-03-07 18:53:52.954755+00","2024-03-07 18:53:07.677582+00","00:00:45.277173","25",False,False
35723,"2024-03-13 00:29:02.531904+00","2024-03-13 00:28:14.182882+00","00:00:48.349022","25",False,False
35642,"2024-03-12 14:30:04.503291+00","2024-03-12 14:29:13.408692+00","00:00:51.094599","25",False,False
35635,"2024-03-12 13:43:34.294508+00","2024-03-12 13:42:39.675335+00","00:00:54.619173","25",False,False
35691,"2024-03-12 19:40:34.971552+00","2024-03-12 19:39:36.639612+00","00:00:58.33194","25",False,False
35626,"2024-03-12 13:06:13.39218+00","2024-03-12 13:05:12.68746+00","00:01:00.70472","25",False,False
35619,"2024-03-12 12:30:47.389339+00","2024-03-12 12:29:42.102751+00","00:01:05.286588","25",False,False
35872,"2024-03-13 19:14:00.885524+00","2024-03-13 19:12:53.516426+00","00:01:07.369098","25",False,False
35772,"2024-03-13 05:24:11.379215+00","2024-03-13 05:22:59.397789+00","00:01:11.981426","25",NULL,NULL
35457,"2024-03-11 15:02:08.340242+00","2024-03-11 15:00:55.946981+00","00:01:12.393261","25",False,False
35613,"2024-03-12 12:10:25.33435+00","2024-03-12 12:09:11.647789+00","00:01:13.686561","25",False,False
35293,"2024-03-07 20:33:20.968387+00","2024-03-07 20:32:03.875447+00","00:01:17.09294","25",False,False
35588,"2024-03-12 10:50:46.834516+00","2024-03-12 10:49:22.253252+00","00:01:24.581264","25",False,False
35280,"2024-03-07 19:16:57.915787+00","2024-03-07 19:15:32.135377+00","00:01:25.78041","25",False,False
35472,"2024-03-11 16:17:29.939339+00","2024-03-11 16:16:03.27375+00","00:01:26.665589","25",False,False
35475,"2024-03-11 16:30:51.048108+00","2024-03-11 16:29:19.066265+00","00:01:31.981843","25",False,False
35752,"2024-03-13 03:29:48.767361+00","2024-03-13 03:28:11.587739+00","00:01:37.179622","25",NULL,NULL
35698,"2024-03-12 20:12:20.101343+00","2024-03-12 20:10:41.442753+00","00:01:38.65859","25",False,False
35687,"2024-03-12 19:20:37.764668+00","2024-03-12 19:18:57.362872+00","00:01:40.401796","25",False,False
35413,"2024-03-11 11:11:32.456484+00","2024-03-11 11:09:48.389408+00","00:01:44.067076","25",False,False
35463,"2024-03-11 15:37:20.46814+00","2024-03-11 15:35:35.484688+00","00:01:44.983452","25",False,False
35600,"2024-03-12 11:28:52.924743+00","2024-03-12 11:27:04.689594+00","00:01:48.235149","25",False,False
35270,"2024-03-07 18:42:28.891866+00","2024-03-07 18:40:39.102356+00","00:01:49.78951","25",False,False
35693,"2024-03-12 19:50:36.225225+00","2024-03-12 19:48:44.510654+00","00:01:51.714571","25",False,False
35461,"2024-03-11 15:19:50.293043+00","2024-03-11 15:17:51.841894+00","00:01:58.451149","25",False,False
35239,"2024-03-07 15:58:42.453547+00","2024-03-07 15:56:43.077573+00","00:01:59.375974","25",False,False
35905,"2024-03-13 22:21:56.839896+00","2024-03-13 22:19:54.682449+00","00:02:02.157447","25",False,False
35441,"2024-03-11 13:37:05.441807+00","2024-03-11 13:35:02.944062+00","00:02:02.497745","25",False,False
35897,"2024-03-13 21:47:37.767204+00","2024-03-13 21:45:34.77955+00","00:02:02.987654","25",False,False
35852,"2024-03-13 16:09:20.906801+00","2024-03-13 16:07:16.284742+00","00:02:04.622059","25",False,False
35640,"2024-03-12 14:23:16.924337+00","2024-03-12 14:21:11.979862+00","00:02:04.944475","25",False,False
35889,"2024-03-13 21:16:54.558491+00","2024-03-13 21:14:47.416551+00","00:02:07.14194","25",False,False
35911,"2024-03-13 22:50:53.485363+00","2024-03-13 22:48:46.239371+00","00:02:07.245992","25",False,False
35807,"2024-03-13 12:06:08.157066+00","2024-03-13 12:03:59.202396+00","00:02:08.95467","25",False,False
35869,"2024-03-13 18:39:38.354308+00","2024-03-13 18:37:23.656866+00","00:02:14.697442","25",False,False
35799,"2024-03-13 11:31:30.852904+00","2024-03-13 11:29:14.905724+00","00:02:15.94718","25",False,False
35602,"2024-03-12 11:33:04.078919+00","2024-03-12 11:30:45.395682+00","00:02:18.683237","25",False,False
35824,"2024-03-13 13:29:08.35398+00","2024-03-13 13:26:45.703373+00","00:02:22.650607","25",False,False
35559,"2024-03-12 04:18:09.869133+00","2024-03-12 04:15:46.111566+00","00:02:23.757567","25",False,False
35900,"2024-03-13 22:01:06.501128+00","2024-03-13 21:58:41.980054+00","00:02:24.521074","25",False,False
35965,"2024-03-14 06:00:49.852622+00","2024-03-14 05:58:24.574006+00","00:02:25.278616","25",False,False
35617,"2024-03-12 12:26:21.351067+00","2024-03-12 12:23:56.058667+00","00:02:25.2924","25",False,False
35760,"2024-03-13 04:07:18.448367+00","2024-03-13 04:04:50.070994+00","00:02:28.377373","25",NULL,NULL
35923,"2024-03-13 23:58:11.146188+00","2024-03-13 23:55:41.744196+00","00:02:29.401992","25",False,False
35282,"2024-03-07 19:31:58.036202+00","2024-03-07 19:29:27.204671+00","00:02:30.831531","25",False,False
35622,"2024-03-12 12:42:11.556913+00","2024-03-12 12:39:35.751376+00","00:02:35.805537","25",False,False
35454,"2024-03-11 14:50:28.638095+00","2024-03-11 14:47:48.969953+00","00:02:39.668142","25",False,False
35629,"2024-03-12 13:21:05.629135+00","2024-03-12 13:18:23.61361+00","00:02:42.015525","25",False,False
35585,"2024-03-12 10:39:24.323809+00","2024-03-12 10:36:40.086665+00","00:02:44.237144","25",False,False
35195,"2024-03-07 12:46:30.060659+00","2024-03-07 12:43:43.221807+00","00:02:46.838852","25",False,False
35960,"2024-03-14 05:39:04.200005+00","2024-03-14 05:36:16.136369+00","00:02:48.063636","25",False,False
35817,"2024-03-13 13:00:26.047279+00","2024-03-13 12:57:36.823984+00","00:02:49.223295","25",False,False
35655,"2024-03-12 15:57:22.540066+00","2024-03-12 15:54:33.27314+00","00:02:49.266926","25",False,False
35277,"2024-03-07 19:05:14.184853+00","2024-03-07 19:02:20.711006+00","00:02:53.473847","25",False,False
35820,"2024-03-13 13:14:35.275051+00","2024-03-13 13:11:38.323222+00","00:02:56.951829","25",False,False
35185,"2024-03-07 11:58:43.441802+00","2024-03-07 11:55:42.236994+00","00:03:01.204808","25",False,False
35314,"2024-03-07 22:55:01.808674+00","2024-03-07 22:51:59.218136+00","00:03:02.590538","25",False,False
35257,"2024-03-07 17:21:20.134169+00","2024-03-07 17:18:15.241827+00","00:03:04.892342","25",False,False
35204,"2024-03-07 13:28:30.372423+00","2024-03-07 13:25:22.275715+00","00:03:08.096708","25",False,False
35937,"2024-03-14 02:41:53.856509+00","2024-03-14 02:38:44.793461+00","00:03:09.063048","25",False,False
35230,"2024-03-07 15:27:57.969508+00","2024-03-07 15:24:47.667841+00","00:03:10.301667","25",False,False
35583,"2024-03-12 10:34:34.362873+00","2024-03-12 10:31:17.220746+00","00:03:17.142127","25",False,False
35249,"2024-03-07 16:47:08.534533+00","2024-03-07 16:43:51.113519+00","00:03:17.421014","25",False,False
35505,"2024-03-11 19:56:57.645586+00","2024-03-11 19:53:37.956611+00","00:03:19.688975","25",False,False
35916,"2024-03-13 23:12:12.209569+00","2024-03-13 23:08:52.486576+00","00:03:19.722993","25",False,False
35416,"2024-03-11 11:27:10.880026+00","2024-03-11 11:23:47.726384+00","00:03:23.153642","25",False,False
35232,"2024-03-07 15:32:18.15166+00","2024-03-07 15:28:51.731945+00","00:03:26.419715","25",False,False
35192,"2024-03-07 12:34:45.682129+00","2024-03-07 12:31:17.744134+00","00:03:27.937995","25",False,False
35767,"2024-03-13 04:42:43.639222+00","2024-03-13 04:39:13.098523+00","00:03:30.540699","25",NULL,NULL
35747,"2024-03-13 03:07:30.583011+00","2024-03-13 03:03:57.503493+00","00:03:33.079518","25",NULL,NULL
35240,"2024-03-07 16:02:16.024138+00","2024-03-07 15:58:42.453547+00","00:03:33.570591","25",False,False
35598,"2024-03-12 11:24:38.534601+00","2024-03-12 11:21:02.33223+00","00:03:36.202371","25",False,False
35594,"2024-03-12 11:11:31.880148+00","2024-03-12 11:07:45.00938+00","00:03:46.870768","25",False,False
35860,"2024-03-13 17:39:37.483103+00","2024-03-13 17:35:43.378972+00","00:03:54.104131","25",False,False
35207,"2024-03-07 13:43:41.154198+00","2024-03-07 13:39:46.858134+00","00:03:54.296064","25",False,False
35243,"2024-03-07 16:14:45.41116+00","2024-03-07 16:10:51.071679+00","00:03:54.339481","25",False,False
35620,"2024-03-12 12:34:43.84796+00","2024-03-12 12:30:47.389339+00","00:03:56.458621","25",False,False
35206,"2024-03-07 13:39:46.858134+00","2024-03-07 13:35:50.051455+00","00:03:56.806679","25",False,False
35633,"2024-03-12 13:36:07.066776+00","2024-03-12 13:32:09.692908+00","00:03:57.373868","25",False,False
35430,"2024-03-11 12:34:54.068904+00","2024-03-11 12:30:56.680813+00","00:03:57.388091","25",False,False
35190,"2024-03-07 12:25:26.000215+00","2024-03-07 12:21:28.116642+00","00:03:57.883573","25",False,False
35211,"2024-03-07 14:03:06.831163+00","2024-03-07 13:59:08.338173+00","00:03:58.49299","25",False,False
35448,"2024-03-11 14:26:01.474938+00","2024-03-11 14:22:02.806332+00","00:03:58.668606","25",False,False
35245,"2024-03-07 16:22:52.650979+00","2024-03-07 16:18:52.557921+00","00:04:00.093058","25",False,False
35451,"2024-03-11 14:38:49.258414+00","2024-03-11 14:34:49.157489+00","00:04:00.100925","25",False,False
35218,"2024-03-07 14:29:35.138436+00","2024-03-07 14:25:32.859779+00","00:04:02.278657","25",False,False
35224,"2024-03-07 15:10:56.856472+00","2024-03-07 15:06:52.920278+00","00:04:03.936194","25",False,False
35220,"2024-03-07 14:40:57.919926+00","2024-03-07 14:36:53.704908+00","00:04:04.215018","25",False,False
35730,"2024-03-13 01:10:44.722279+00","2024-03-13 01:06:40.013723+00","00:04:04.708556","25",False,False
35233,"2024-03-07 15:36:22.892842+00","2024-03-07 15:32:18.15166+00","00:04:04.741182","25",False,False
35223,"2024-03-07 15:06:52.920278+00","2024-03-07 15:02:47.325344+00","00:04:05.594934","25",False,False
35675,"2024-03-12 18:06:01.295961+00","2024-03-12 18:01:55.312838+00","00:04:05.983123","25",False,False
35778,"2024-03-13 05:50:16.405596+00","2024-03-13 05:46:09.838613+00","00:04:06.566983","25",NULL,NULL
35244,"2024-03-07 16:18:52.557921+00","2024-03-07 16:14:45.41116+00","00:04:07.146761","25",False,False
35226,"2024-03-07 15:19:43.98165+00","2024-03-07 15:15:36.719564+00","00:04:07.262086","25",False,False
35234,"2024-03-07 15:40:30.468047+00","2024-03-07 15:36:22.892842+00","00:04:07.575205","25",False,False
35361,"2024-03-08 05:14:07.495831+00","2024-03-08 05:09:59.785227+00","00:04:07.710604","25",False,False
35227,"2024-03-07 15:23:52.124985+00","2024-03-07 15:19:43.98165+00","00:04:08.143335","25",False,False
35445,"2024-03-11 14:13:25.025095+00","2024-03-11 14:09:15.902576+00","00:04:09.122519","25",False,False
35846,"2024-03-13 15:26:48.528866+00","2024-03-13 15:22:39.300376+00","00:04:09.22849","25",False,False
35614,"2024-03-12 12:14:34.858856+00","2024-03-12 12:10:25.33435+00","00:04:09.524506","25",False,False
35237,"2024-03-07 15:53:49.692342+00","2024-03-07 15:49:40.041173+00","00:04:09.651169","25",False,False
35604,"2024-03-12 11:41:28.628821+00","2024-03-12 11:37:18.239385+00","00:04:10.389436","25",False,False
35679,"2024-03-12 18:30:24.785157+00","2024-03-12 18:26:13.639349+00","00:04:11.145808","25",False,False
35776,"2024-03-13 05:41:24.128432+00","2024-03-13 05:37:12.808905+00","00:04:11.319527","25",NULL,NULL
35304,"2024-03-07 22:01:47.910479+00","2024-03-07 21:57:36.48037+00","00:04:11.430109","25",NULL,NULL
35360,"2024-03-08 05:09:59.785227+00","2024-03-08 05:05:46.863442+00","00:04:12.921785","25",False,False
35942,"2024-03-14 03:12:06.753678+00","2024-03-14 03:07:53.321533+00","00:04:13.432145","25",False,False
35892,"2024-03-13 21:28:46.293906+00","2024-03-13 21:24:32.645384+00","00:04:13.648522","25",False,False
35836,"2024-03-13 14:44:50.032159+00","2024-03-13 14:40:36.306016+00","00:04:13.726143","25",False,False
35183,"2024-03-07 11:47:10.672065+00","2024-03-07 11:42:56.728359+00","00:04:13.943706","25",False,False
35738,"2024-03-13 01:52:29.156861+00","2024-03-13 01:48:15.13235+00","00:04:14.024511","25",False,False
35603,"2024-03-12 11:37:18.239385+00","2024-03-12 11:33:04.078919+00","00:04:14.160466","25",False,False
35596,"2024-03-12 11:20:31.324442+00","2024-03-12 11:16:16.865362+00","00:04:14.45908","25",False,False
35200,"2024-03-07 13:18:07.560607+00","2024-03-07 13:13:52.055079+00","00:04:15.505528","25",False,False
35362,"2024-03-08 05:18:23.29154+00","2024-03-08 05:14:07.495831+00","00:04:15.795709","25",False,False
35236,"2024-03-07 15:49:40.041173+00","2024-03-07 15:45:24.144943+00","00:04:15.89623","25",False,False
35300,"2024-03-07 21:10:22.953588+00","2024-03-07 21:06:05.791942+00","00:04:17.161646","25",False,False
35260,"2024-03-07 17:32:59.1805+00","2024-03-07 17:28:41.953339+00","00:04:17.227161","25",False,False
35299,"2024-03-07 21:06:05.791942+00","2024-03-07 21:01:48.245115+00","00:04:17.546827","25",False,False
35834,"2024-03-13 14:36:26.593552+00","2024-03-13 14:32:08.091407+00","00:04:18.502145","25",False,False
35246,"2024-03-07 16:27:11.681745+00","2024-03-07 16:22:52.650979+00","00:04:19.030766","25",False,False
35914,"2024-03-13 23:03:17.417447+00","2024-03-13 22:58:55.177137+00","00:04:22.24031","25",False,False
35560,"2024-03-12 04:22:32.218+00","2024-03-12 04:18:09.869133+00","00:04:22.348867","25",False,False
35356,"2024-03-08 04:46:25.661046+00","2024-03-08 04:42:00.964715+00","00:04:24.696331","25",False,False
35311,"2024-03-07 22:39:04.29307+00","2024-03-07 22:34:39.192361+00","00:04:25.100709","25",False,False
35607,"2024-03-12 11:50:42.113665+00","2024-03-12 11:46:16.855069+00","00:04:25.258596","25",False,False
35610,"2024-03-12 12:01:32.652417+00","2024-03-12 11:57:06.881124+00","00:04:25.771293","25",False,False
35631,"2024-03-12 13:28:46.778911+00","2024-03-12 13:24:19.379284+00","00:04:27.399627","25",False,False
35611,"2024-03-12 12:06:01.077059+00","2024-03-12 12:01:32.652417+00","00:04:28.424642","25",False,False
35301,"2024-03-07 21:14:52.459276+00","2024-03-07 21:10:22.953588+00","00:04:29.505688","25",False,False
35353,"2024-03-08 04:31:23.737549+00","2024-03-08 04:26:52.591471+00","00:04:31.146078","25",False,False
35312,"2024-03-07 22:43:36.922704+00","2024-03-07 22:39:04.29307+00","00:04:32.629634","25",False,False
35408,"2024-03-11 10:47:52.636192+00","2024-03-11 10:43:16.315669+00","00:04:36.320523","25",False,False
35225,"2024-03-07 15:15:36.719564+00","2024-03-07 15:10:56.856472+00","00:04:39.863092","25",False,False
35944,"2024-03-14 03:20:42.756253+00","2024-03-14 03:16:01.986681+00","00:04:40.769572","25",False,False
35813,"2024-03-13 12:36:12.634933+00","2024-03-13 12:31:31.720548+00","00:04:40.914385","25",False,False
35309,"2024-03-07 22:29:13.428376+00","2024-03-07 22:24:32.018847+00","00:04:41.409529","25",False,False
35903,"2024-03-13 22:14:14.05284+00","2024-03-13 22:09:32.477333+00","00:04:41.575507","25",False,False
35862,"2024-03-13 17:46:33.654868+00","2024-03-13 17:41:51.874651+00","00:04:41.780217","25",False,False
35755,"2024-03-13 03:44:46.137251+00","2024-03-13 03:40:03.716635+00","00:04:42.420616","25",NULL,NULL
35880,"2024-03-13 19:55:46.470644+00","2024-03-13 19:51:03.321505+00","00:04:43.149139","25",False,False
35615,"2024-03-12 12:19:19.149478+00","2024-03-12 12:14:34.858856+00","00:04:44.290622","25",False,False
35774,"2024-03-13 05:32:45.950061+00","2024-03-13 05:28:01.458443+00","00:04:44.491618","25",NULL,NULL
35595,"2024-03-12 11:16:16.865362+00","2024-03-12 11:11:31.880148+00","00:04:44.985214","25",False,False
35638,"2024-03-12 14:16:43.354042+00","2024-03-12 14:11:57.11349+00","00:04:46.240552","25",False,False
35592,"2024-03-12 11:06:17.941259+00","2024-03-12 11:01:31.488386+00","00:04:46.452873","25",False,False
35946,"2024-03-14 03:29:27.35581+00","2024-03-14 03:24:39.75282+00","00:04:47.60299","25",False,False
35498,"2024-03-11 19:23:14.668308+00","2024-03-11 19:18:26.627357+00","00:04:48.040951","25",False,False
35624,"2024-03-12 12:58:34.015074+00","2024-03-12 12:53:40.644277+00","00:04:53.370797","25",False,False
35235,"2024-03-07 15:45:24.144943+00","2024-03-07 15:40:30.468047+00","00:04:53.676896","25",False,False
35810,"2024-03-13 12:21:12.811762+00","2024-03-13 12:16:17.400821+00","00:04:55.410941","25",False,False
35355,"2024-03-08 04:42:00.964715+00","2024-03-08 04:37:05.449495+00","00:04:55.51522","25",False,False
35657,"2024-03-12 16:10:04.433613+00","2024-03-12 16:05:05.507313+00","00:04:58.9263","25",False,False
35728,"2024-03-13 01:03:15.867677+00","2024-03-13 00:58:16.311344+00","00:04:59.556333","25",False,False
35467,"2024-03-11 15:57:27.65925+00","2024-03-11 15:52:27.535881+00","00:05:00.123369","25",False,False
35792,"2024-03-13 10:40:39.164459+00","2024-03-13 10:35:38.523287+00","00:05:00.641172","25",False,False
35590,"2024-03-12 11:01:02.86142+00","2024-03-12 10:56:01.555171+00","00:05:01.306249","25",False,False
35359,"2024-03-08 05:05:46.863442+00","2024-03-08 05:00:40.161175+00","00:05:06.702267","25",False,False
35268,"2024-03-07 18:35:25.873698+00","2024-03-07 18:30:18.287517+00","00:05:07.586181","25",False,False
35403,"2024-03-11 10:19:56.127173+00","2024-03-11 10:14:48.285773+00","00:05:07.8414","25",False,False
35586,"2024-03-12 10:44:33.87405+00","2024-03-12 10:39:24.323809+00","00:05:09.550241","25",False,False
35659,"2024-03-12 16:18:50.689544+00","2024-03-12 16:13:37.281762+00","00:05:13.407782","25",False,False
35589,"2024-03-12 10:56:01.555171+00","2024-03-12 10:50:46.834516+00","00:05:14.720655","25",False,False
35493,"2024-03-11 18:41:58.141315+00","2024-03-11 18:36:40.848718+00","00:05:17.292597","25",False,False
35358,"2024-03-08 05:00:40.161175+00","2024-03-08 04:55:22.364147+00","00:05:17.797028","25",False,False
35305,"2024-03-07 22:07:08.20887+00","2024-03-07 22:01:47.910479+00","00:05:20.298391","25",False,False
35308,"2024-03-07 22:24:32.018847+00","2024-03-07 22:19:10.568629+00","00:05:21.450218","25",False,False
35315,"2024-03-07 23:00:25.831626+00","2024-03-07 22:55:01.808674+00","00:05:24.022952","25",False,False
35254,"2024-03-07 17:10:01.705449+00","2024-03-07 17:04:36.242315+00","00:05:25.463134","25",False,False
35310,"2024-03-07 22:34:39.192361+00","2024-03-07 22:29:13.428376+00","00:05:25.763985","25",False,False
35346,"2024-03-08 03:52:42.901013+00","2024-03-08 03:47:16.466816+00","00:05:26.434197","25",False,False
35822,"2024-03-13 13:22:00.166024+00","2024-03-13 13:16:31.750168+00","00:05:28.415856","25",False,False
35489,"2024-03-11 18:18:33.979776+00","2024-03-11 18:13:05.401216+00","00:05:28.57856","25",False,False
35733,"2024-03-13 01:25:36.939607+00","2024-03-13 01:20:07.172486+00","00:05:29.767121","25",False,False
35882,"2024-03-13 20:04:32.098929+00","2024-03-13 19:59:01.412589+00","00:05:30.68634","25",False,False
35188,"2024-03-07 12:14:58.160343+00","2024-03-07 12:09:26.685358+00","00:05:31.474985","25",False,False
35350,"2024-03-08 04:15:26.364153+00","2024-03-08 04:09:51.870809+00","00:05:34.493344","25",False,False
35349,"2024-03-08 04:09:51.870809+00","2024-03-08 04:04:16.246379+00","00:05:35.62443","25",False,False
35917,"2024-03-13 23:17:48.933893+00","2024-03-13 23:12:12.209569+00","00:05:36.724324","25",False,False
35278,"2024-03-07 19:10:52.462027+00","2024-03-07 19:05:14.184853+00","00:05:38.277174","25",False,False
35255,"2024-03-07 17:15:40.867599+00","2024-03-07 17:10:01.705449+00","00:05:39.16215","25",False,False
35284,"2024-03-07 19:43:37.008353+00","2024-03-07 19:37:57.385698+00","00:05:39.622655","25",False,False
35271,"2024-03-07 18:48:08.599579+00","2024-03-07 18:42:28.891866+00","00:05:39.707713","25",False,False
35252,"2024-03-07 17:04:20.660107+00","2024-03-07 16:58:40.882436+00","00:05:39.777671","25",False,False
35351,"2024-03-08 04:21:06.238901+00","2024-03-08 04:15:26.364153+00","00:05:39.874748","25",False,False
35348,"2024-03-08 04:04:16.246379+00","2024-03-08 03:58:36.358004+00","00:05:39.888375","25",False,False
35263,"2024-03-07 18:18:23.192644+00","2024-03-07 18:12:42.359993+00","00:05:40.832651","25",False,False
35285,"2024-03-07 19:49:17.909447+00","2024-03-07 19:43:37.008353+00","00:05:40.901094","25",False,False
35265,"2024-03-07 18:29:46.362757+00","2024-03-07 18:24:04.88021+00","00:05:41.482547","25",False,False
35264,"2024-03-07 18:24:04.88021+00","2024-03-07 18:18:23.192644+00","00:05:41.687566","25",False,False
35251,"2024-03-07 16:58:40.882436+00","2024-03-07 16:52:59.178998+00","00:05:41.703438","25",False,False
35354,"2024-03-08 04:37:05.449495+00","2024-03-08 04:31:23.737549+00","00:05:41.711946","25",False,False
35275,"2024-03-07 18:59:35.724836+00","2024-03-07 18:53:52.954755+00","00:05:42.770081","25",False,False
35297,"2024-03-07 20:56:04.19469+00","2024-03-07 20:50:21.371148+00","00:05:42.823542","25",False,False
35342,"2024-03-08 02:49:34.757742+00","2024-03-08 02:43:51.463296+00","00:05:43.294446","25",False,False
35307,"2024-03-07 22:19:10.568629+00","2024-03-07 22:13:27.079336+00","00:05:43.489293","25",False,False
35198,"2024-03-07 13:02:33.542019+00","2024-03-07 12:56:49.996997+00","00:05:43.545022","25",False,False
35298,"2024-03-07 21:01:48.245115+00","2024-03-07 20:56:04.19469+00","00:05:44.050425","25",False,False
35419,"2024-03-11 11:42:15.847246+00","2024-03-11 11:36:31.232716+00","00:05:44.61453","25",False,False
35352,"2024-03-08 04:26:52.591471+00","2024-03-08 04:21:06.238901+00","00:05:46.35257","25",False,False
35805,"2024-03-13 11:58:42.798754+00","2024-03-13 11:52:56.200998+00","00:05:46.597756","25",False,False
35477,"2024-03-11 17:14:03.784344+00","2024-03-11 17:08:15.34999+00","00:05:48.434354","25",False,False
35458,"2024-03-11 15:07:57.574964+00","2024-03-11 15:02:08.340242+00","00:05:49.234722","25",False,False
35459,"2024-03-11 15:13:46.956737+00","2024-03-11 15:07:57.574964+00","00:05:49.381773","25",False,False
35452,"2024-03-11 14:44:38.6514+00","2024-03-11 14:38:49.258414+00","00:05:49.392986","25",False,False
35455,"2024-03-11 14:56:18.173578+00","2024-03-11 14:50:28.638095+00","00:05:49.535483","25",False,False
35473,"2024-03-11 16:23:19.836843+00","2024-03-11 16:17:29.939339+00","00:05:49.897504","25",False,False
35345,"2024-03-08 03:47:16.466816+00","2024-03-08 03:41:25.830685+00","00:05:50.636131","25",False,False
35494,"2024-03-11 18:47:48.780633+00","2024-03-11 18:41:58.141315+00","00:05:50.639318","25",False,False
35250,"2024-03-07 16:52:59.178998+00","2024-03-07 16:47:08.534533+00","00:05:50.644465","25",False,False
35484,"2024-03-11 17:47:50.621717+00","2024-03-11 17:41:59.920171+00","00:05:50.701546","25",False,False
35347,"2024-03-08 03:58:36.358004+00","2024-03-08 03:52:42.901013+00","00:05:53.456991","25",False,False
35343,"2024-03-08 02:55:28.805301+00","2024-03-08 02:49:34.757742+00","00:05:54.047559","25",False,False
35488,"2024-03-11 18:13:05.401216+00","2024-03-11 18:07:10.909131+00","00:05:54.492085","25",False,False
35341,"2024-03-08 02:43:51.463296+00","2024-03-08 02:37:56.787934+00","00:05:54.675362","25",False,False
35661,"2024-03-12 16:28:39.089616+00","2024-03-12 16:22:43.356178+00","00:05:55.733438","25",False,False
35890,"2024-03-13 21:22:50.723422+00","2024-03-13 21:16:54.558491+00","00:05:56.164931","25",False,False
35338,"2024-03-08 02:20:38.183564+00","2024-03-08 02:14:41.553958+00","00:05:56.629606","25",False,False
35340,"2024-03-08 02:37:56.787934+00","2024-03-08 02:32:00.064238+00","00:05:56.723696","25",False,False
35337,"2024-03-08 02:14:41.553958+00","2024-03-08 02:08:43.950023+00","00:05:57.603935","25",False,False
35135,"2024-03-07 01:30:09.027961+00","2024-03-07 01:24:10.837599+00","00:05:58.190362","25",False,False
35258,"2024-03-07 17:27:18.700641+00","2024-03-07 17:21:20.134169+00","00:05:58.566472","25",False,False
35683,"2024-03-12 18:47:35.129215+00","2024-03-12 18:41:36.265056+00","00:05:58.864159","25",False,False
35901,"2024-03-13 22:07:05.774473+00","2024-03-13 22:01:06.501128+00","00:05:59.273345","25",False,False
35283,"2024-03-07 19:37:57.385698+00","2024-03-07 19:31:58.036202+00","00:05:59.349496","25",False,False
35887,"2024-03-13 21:09:57.074148+00","2024-03-13 21:03:56.979448+00","00:06:00.0947","25",False,False
35790,"2024-03-13 10:31:57.247185+00","2024-03-13 10:25:56.901671+00","00:06:00.345514","25",False,False
35153,"2024-03-07 04:03:51.772591+00","2024-03-07 03:57:50.387352+00","00:06:01.385239","25",False,False
35151,"2024-03-07 03:51:47.177314+00","2024-03-07 03:45:45.551242+00","00:06:01.626072","25",False,False
35534,"2024-03-12 00:45:47.324798+00","2024-03-12 00:39:45.627334+00","00:06:01.697464","25",False,False
35140,"2024-03-07 02:02:58.917934+00","2024-03-07 01:56:57.17736+00","00:06:01.740574","25",False,False
35164,"2024-03-07 05:15:29.179288+00","2024-03-07 05:09:27.047403+00","00:06:02.131885","25",False,False
35765,"2024-03-13 04:34:01.174286+00","2024-03-13 04:27:58.706214+00","00:06:02.468072","25",NULL,NULL
35142,"2024-03-07 02:15:05.676987+00","2024-03-07 02:09:03.060049+00","00:06:02.616938","25",False,False
35132,"2024-03-07 00:51:50.485688+00","2024-03-07 00:45:47.83168+00","00:06:02.654008","25",False,False
35160,"2024-03-07 04:48:04.381994+00","2024-03-07 04:42:01.69219+00","00:06:02.689804","25",False,False
35137,"2024-03-07 01:42:15.324575+00","2024-03-07 01:36:12.458014+00","00:06:02.866561","25",False,False
35138,"2024-03-07 01:48:18.459602+00","2024-03-07 01:42:15.324575+00","00:06:03.135027","25",False,False
35152,"2024-03-07 03:57:50.387352+00","2024-03-07 03:51:47.177314+00","00:06:03.210038","25",False,False
35148,"2024-03-07 02:57:12.773014+00","2024-03-07 02:51:09.561923+00","00:06:03.211091","25",False,False
35150,"2024-03-07 03:45:45.551242+00","2024-03-07 03:39:42.245913+00","00:06:03.305329","25",False,False
35136,"2024-03-07 01:36:12.458014+00","2024-03-07 01:30:09.027961+00","00:06:03.430053","25",False,False
35155,"2024-03-07 04:16:00.317777+00","2024-03-07 04:09:56.791954+00","00:06:03.525823","25",False,False
35159,"2024-03-07 04:42:01.69219+00","2024-03-07 04:35:58.157377+00","00:06:03.534813","25",False,False
35145,"2024-03-07 02:38:36.55628+00","2024-03-07 02:32:32.948072+00","00:06:03.608208","25",False,False
35156,"2024-03-07 04:22:04.441808+00","2024-03-07 04:16:00.317777+00","00:06:04.124031","25",False,False
35141,"2024-03-07 02:09:03.060049+00","2024-03-07 02:02:58.917934+00","00:06:04.142115","25",False,False
35548,"2024-03-12 03:03:45.000603+00","2024-03-12 02:57:40.65921+00","00:06:04.341393","25",False,False
35144,"2024-03-07 02:32:32.948072+00","2024-03-07 02:26:28.205537+00","00:06:04.742535","25",False,False
35154,"2024-03-07 04:09:56.791954+00","2024-03-07 04:03:51.772591+00","00:06:05.019363","25",False,False
35162,"2024-03-07 05:03:21.389345+00","2024-03-07 04:57:16.230175+00","00:06:05.15917","25",False,False
35147,"2024-03-07 02:51:09.561923+00","2024-03-07 02:45:03.948039+00","00:06:05.613884","25",False,False
35163,"2024-03-07 05:09:27.047403+00","2024-03-07 05:03:21.389345+00","00:06:05.658058","25",False,False
35763,"2024-03-13 04:22:06.493386+00","2024-03-13 04:15:59.157225+00","00:06:07.336161","25",NULL,NULL
35157,"2024-03-07 04:28:12.277842+00","2024-03-07 04:22:04.441808+00","00:06:07.836034","25",False,False
35464,"2024-03-11 15:43:34.013338+00","2024-03-11 15:37:20.46814+00","00:06:13.545198","25",False,False
35533,"2024-03-12 00:39:45.627334+00","2024-03-12 00:33:30.872809+00","00:06:14.754525","25",False,False
35201,"2024-03-07 13:24:22.984679+00","2024-03-07 13:18:07.560607+00","00:06:15.424072","25",False,False
35333,"2024-03-08 01:37:42.370657+00","2024-03-08 01:31:26.519536+00","00:06:15.851121","25",False,False
35986,"2024-03-14 12:40:28.148391+00","2024-03-14 12:34:11.888429+00","00:06:16.259962","25",False,False
35572,"2024-03-12 06:04:19.014777+00","2024-03-12 05:58:02.622533+00","00:06:16.392244","25",False,False
35536,"2024-03-12 00:59:20.082257+00","2024-03-12 00:53:02.607849+00","00:06:17.474408","25",False,False
35306,"2024-03-07 22:13:27.079336+00","2024-03-07 22:07:08.20887+00","00:06:18.870466","25",False,False
35895,"2024-03-13 21:41:40.567615+00","2024-03-13 21:35:21.139266+00","00:06:19.428349","25",False,False
35242,"2024-03-07 16:10:51.071679+00","2024-03-07 16:04:31.544072+00","00:06:19.527607","25",False,False
35546,"2024-03-12 02:50:46.50676+00","2024-03-12 02:44:26.706321+00","00:06:19.800439","25",False,False
35532,"2024-03-12 00:33:30.872809+00","2024-03-12 00:27:10.664646+00","00:06:20.208163","25",False,False
35570,"2024-03-12 05:50:32.353789+00","2024-03-12 05:44:11.37517+00","00:06:20.978619","25",False,False
35291,"2024-03-07 20:27:35.852191+00","2024-03-07 20:21:13.855185+00","00:06:21.997006","25",False,False
35446,"2024-03-11 14:19:47.664881+00","2024-03-11 14:13:25.025095+00","00:06:22.639786","25",False,False
35443,"2024-03-11 14:07:16.830098+00","2024-03-11 14:00:53.636088+00","00:06:23.19401","25",False,False
35436,"2024-03-11 13:13:47.332953+00","2024-03-11 13:07:24.072535+00","00:06:23.260418","25",False,False
35669,"2024-03-12 17:39:57.018246+00","2024-03-12 17:33:32.668065+00","00:06:24.350181","25",False,False
35469,"2024-03-11 16:11:08.519346+00","2024-03-11 16:04:44.097786+00","00:06:24.42156","25",False,False
35332,"2024-03-08 01:31:26.519536+00","2024-03-08 01:25:00.600699+00","00:06:25.918837","25",False,False
35478,"2024-03-11 17:20:29.889385+00","2024-03-11 17:14:03.784344+00","00:06:26.105041","25",False,False
35146,"2024-03-07 02:45:03.948039+00","2024-03-07 02:38:36.55628+00","00:06:27.391759","25",False,False
35878,"2024-03-13 19:46:47.84063+00","2024-03-13 19:40:19.154703+00","00:06:28.685927","25",False,False
35989,"2024-03-14 13:11:05.567705+00","2024-03-14 13:04:36.103492+00","00:06:29.464213","25",False,False
35510,"2024-03-11 20:23:36.883922+00","2024-03-11 20:17:05.833369+00","00:06:31.050553","25",NULL,NULL
35988,"2024-03-14 13:04:36.103492+00","2024-03-14 12:58:04.304094+00","00:06:31.799398","25",False,False
35838,"2024-03-13 14:54:07.693343+00","2024-03-13 14:47:35.624469+00","00:06:32.068874","25",False,False
35168,"2024-03-07 05:49:52.997952+00","2024-03-07 05:43:20.751269+00","00:06:32.246683","25",False,False
35963,"2024-03-14 05:53:03.34738+00","2024-03-14 05:46:30.928517+00","00:06:32.418863","25",False,False
35552,"2024-03-12 03:31:18.357964+00","2024-03-12 03:24:45.892289+00","00:06:32.465675","25",False,False
35985,"2024-03-14 12:34:11.888429+00","2024-03-14 12:27:38.500763+00","00:06:33.387666","25",False,False
35568,"2024-03-12 05:37:33.998173+00","2024-03-12 05:31:00.142119+00","00:06:33.856054","25",False,False
35912,"2024-03-13 22:57:27.391669+00","2024-03-13 22:50:53.485363+00","00:06:33.906306","25",False,False
35425,"2024-03-11 12:12:36.578919+00","2024-03-11 12:06:01.916019+00","00:06:34.6629","25",False,False
35422,"2024-03-11 11:57:44.406078+00","2024-03-11 11:51:09.635461+00","00:06:34.770617","25",False,False
35133,"2024-03-07 00:58:26.959058+00","2024-03-07 00:51:50.485688+00","00:06:36.47337","25",False,False
35551,"2024-03-12 03:24:45.892289+00","2024-03-12 03:18:09.012204+00","00:06:36.880085","25",False,False
35567,"2024-03-12 05:31:00.142119+00","2024-03-12 05:24:23.128521+00","00:06:37.013598","25",False,False
35569,"2024-03-12 05:44:11.37517+00","2024-03-12 05:37:33.998173+00","00:06:37.376997","25",False,False
35566,"2024-03-12 05:24:23.128521+00","2024-03-12 05:17:44.114302+00","00:06:39.014219","25",False,False
35563,"2024-03-12 04:44:36.908442+00","2024-03-12 04:37:57.807594+00","00:06:39.100848","25",False,False
35758,"2024-03-13 03:59:44.754127+00","2024-03-13 03:53:05.325584+00","00:06:39.428543","25",NULL,NULL
35557,"2024-03-12 04:09:03.394632+00","2024-03-12 04:02:23.92283+00","00:06:39.471802","25",False,False
35317,"2024-03-07 23:14:58.503098+00","2024-03-07 23:08:18.822552+00","00:06:39.680546","25",False,False
35553,"2024-03-12 03:37:58.089306+00","2024-03-12 03:31:18.357964+00","00:06:39.731342","25",False,False
35167,"2024-03-07 05:43:20.751269+00","2024-03-07 05:36:40.674372+00","00:06:40.076897","25",False,False
35555,"2024-03-12 03:51:55.682048+00","2024-03-12 03:45:14.43377+00","00:06:41.248278","25",False,False
35983,"2024-03-14 12:13:37.723108+00","2024-03-14 12:06:55.859213+00","00:06:41.863895","25",False,False
35991,"2024-03-14 13:27:44.062304+00","2024-03-14 13:21:02.114775+00","00:06:41.947529","25",NULL,NULL
35558,"2024-03-12 04:15:46.111566+00","2024-03-12 04:09:03.394632+00","00:06:42.716934","25",False,False
35947,"2024-03-14 03:36:11.493777+00","2024-03-14 03:29:27.35581+00","00:06:44.137967","25",False,False
35961,"2024-03-14 05:45:48.916089+00","2024-03-14 05:39:04.200005+00","00:06:44.716084","25",False,False
35321,"2024-03-07 23:45:36.059006+00","2024-03-07 23:38:50.588318+00","00:06:45.470688","25",False,False
35938,"2024-03-14 02:48:39.727939+00","2024-03-14 02:41:53.856509+00","00:06:45.87143","25",False,False
35974,"2024-03-14 11:09:03.743619+00","2024-03-14 11:02:17.323915+00","00:06:46.419704","25",False,False
35982,"2024-03-14 12:06:55.859213+00","2024-03-14 12:00:09.334855+00","00:06:46.524358","25",False,False
35330,"2024-03-08 00:59:13.371655+00","2024-03-08 00:52:26.799611+00","00:06:46.572044","25",False,False
35844,"2024-03-13 15:18:42.364399+00","2024-03-13 15:11:55.063567+00","00:06:47.300832","25",False,False
35978,"2024-03-14 11:38:09.772344+00","2024-03-14 11:31:22.237147+00","00:06:47.535197","25",False,False
35574,"2024-03-12 06:19:12.865736+00","2024-03-12 06:12:25.127439+00","00:06:47.738297","25",False,False
35320,"2024-03-07 23:38:50.588318+00","2024-03-07 23:32:02.150446+00","00:06:48.437872","25",False,False
35979,"2024-03-14 11:44:58.394488+00","2024-03-14 11:38:09.772344+00","00:06:48.622144","25",False,False
35977,"2024-03-14 11:31:22.237147+00","2024-03-14 11:24:33.054374+00","00:06:49.182773","25",False,False
35980,"2024-03-14 11:51:47.791205+00","2024-03-14 11:44:58.394488+00","00:06:49.396717","25",False,False
35735,"2024-03-13 01:37:43.339413+00","2024-03-13 01:30:53.784482+00","00:06:49.554931","25",False,False
35921,"2024-03-13 23:51:26.816048+00","2024-03-13 23:44:36.081924+00","00:06:50.734124","25",False,False
35449,"2024-03-11 14:32:52.6501+00","2024-03-11 14:26:01.474938+00","00:06:51.175162","25",False,False
35531,"2024-03-12 00:27:10.664646+00","2024-03-12 00:20:19.335968+00","00:06:51.328678","25",False,False
35537,"2024-03-12 01:06:11.450573+00","2024-03-12 00:59:20.082257+00","00:06:51.368316","25",False,False
35919,"2024-03-13 23:36:26.610336+00","2024-03-13 23:29:33.968141+00","00:06:52.642195","25",False,False
35898,"2024-03-13 21:54:30.743849+00","2024-03-13 21:47:37.767204+00","00:06:52.976645","25",False,False
35465,"2024-03-11 15:50:27.341856+00","2024-03-11 15:43:34.013338+00","00:06:53.328518","25",False,False
35538,"2024-03-12 01:13:04.829841+00","2024-03-12 01:06:11.450573+00","00:06:53.379268","25",False,False
35365,"2024-03-08 05:47:05.376587+00","2024-03-08 05:40:11.75057+00","00:06:53.626017","25",False,False
35547,"2024-03-12 02:57:40.65921+00","2024-03-12 02:50:46.50676+00","00:06:54.15245","25",False,False
35750,"2024-03-13 03:22:29.360642+00","2024-03-13 03:15:35.074602+00","00:06:54.28604","25",NULL,NULL
35541,"2024-03-12 01:40:38.376038+00","2024-03-12 01:33:42.987058+00","00:06:55.38898","25",False,False
35542,"2024-03-12 01:47:33.939522+00","2024-03-12 01:40:38.376038+00","00:06:55.563484","25",False,False
35543,"2024-03-12 01:54:30.369891+00","2024-03-12 01:47:33.939522+00","00:06:56.430369","25",False,False
35866,"2024-03-13 18:15:13.616613+00","2024-03-13 18:08:17.145653+00","00:06:56.47096","25",False,False
35906,"2024-03-13 22:28:53.868885+00","2024-03-13 22:21:56.839896+00","00:06:57.028989","25",False,False
35529,"2024-03-11 23:54:09.500915+00","2024-03-11 23:47:12.155719+00","00:06:57.345196","25",False,False
35364,"2024-03-08 05:40:11.75057+00","2024-03-08 05:33:13.548655+00","00:06:58.201915","25",False,False
35857,"2024-03-13 17:17:10.626297+00","2024-03-13 17:10:09.496835+00","00:07:01.129462","25",False,False
35550,"2024-03-12 03:18:09.012204+00","2024-03-12 03:11:06.365545+00","00:07:02.646659","25",False,False
35864,"2024-03-13 18:00:43.348475+00","2024-03-13 17:53:40.628786+00","00:07:02.719689","25",False,False
35958,"2024-03-14 05:31:43.388579+00","2024-03-14 05:24:40.273175+00","00:07:03.115404","25",False,False
35948,"2024-03-14 03:43:14.771811+00","2024-03-14 03:36:11.493777+00","00:07:03.278034","25",False,False
35925,"2024-03-14 00:31:16.698289+00","2024-03-14 00:24:13.103329+00","00:07:03.59496","25",False,False
35396,"2024-03-08 20:17:12.960548+00","2024-03-08 20:10:08.429792+00","00:07:04.530756","25",False,False
35707,"2024-03-12 22:00:11.576911+00","2024-03-12 21:53:06.740858+00","00:07:04.836053","25",False,False
35840,"2024-03-13 15:02:08.949983+00","2024-03-13 14:55:02.895795+00","00:07:06.054188","25",False,False
35704,"2024-03-12 21:34:51.973431+00","2024-03-12 21:27:45.089632+00","00:07:06.883799","25",False,False
35366,"2024-03-08 05:54:12.337199+00","2024-03-08 05:47:05.376587+00","00:07:06.960612","25",False,False
35863,"2024-03-13 17:53:40.628786+00","2024-03-13 17:46:33.654868+00","00:07:06.973918","25",False,False
35127,"2024-03-07 00:10:14.630216+00","2024-03-07 00:03:07.439659+00","00:07:07.190557","25",False,False
35323,"2024-03-08 00:00:16.708624+00","2024-03-07 23:53:08.920961+00","00:07:07.787663","25",False,False
35564,"2024-03-12 04:51:45.179515+00","2024-03-12 04:44:36.908442+00","00:07:08.271073","25",False,False
35788,"2024-03-13 10:23:41.713451+00","2024-03-13 10:16:33.027487+00","00:07:08.685964","25",False,False
35818,"2024-03-13 13:07:35.078204+00","2024-03-13 13:00:26.047279+00","00:07:09.030925","25",False,False
35528,"2024-03-11 23:47:12.155719+00","2024-03-11 23:40:01.617257+00","00:07:10.538462","25",False,False
35931,"2024-03-14 01:28:44.594166+00","2024-03-14 01:21:32.147124+00","00:07:12.447042","25",False,False
35803,"2024-03-13 11:49:24.914788+00","2024-03-13 11:42:12.414418+00","00:07:12.50037","25",False,False
35324,"2024-03-08 00:07:29.926473+00","2024-03-08 00:00:16.708624+00","00:07:13.217849","25",False,False
35647,"2024-03-12 15:00:32.78422+00","2024-03-12 14:53:17.847185+00","00:07:14.937035","25",False,False
35535,"2024-03-12 00:53:02.607849+00","2024-03-12 00:45:47.324798+00","00:07:15.283051","25",False,False
35394,"2024-03-08 20:01:58.818099+00","2024-03-08 19:54:42.55961+00","00:07:16.258489","25",False,False
35554,"2024-03-12 03:45:14.43377+00","2024-03-12 03:37:58.089306+00","00:07:16.344464","25",False,False
35468,"2024-03-11 16:04:44.097786+00","2024-03-11 15:57:27.65925+00","00:07:16.438536","25",False,False
35411,"2024-03-11 11:04:03.681867+00","2024-03-11 10:56:47.081987+00","00:07:16.59988","25",False,False
35748,"2024-03-13 03:14:48.745358+00","2024-03-13 03:07:30.583011+00","00:07:18.162347","25",NULL,NULL
35561,"2024-03-12 04:29:50.48887+00","2024-03-12 04:22:32.218+00","00:07:18.27087","25",False,False
35951,"2024-03-14 04:09:06.963782+00","2024-03-14 04:01:48.42641+00","00:07:18.537372","25",False,False
35219,"2024-03-07 14:36:53.704908+00","2024-03-07 14:29:35.138436+00","00:07:18.566472","25",False,False
35708,"2024-03-12 22:07:30.458228+00","2024-03-12 22:00:11.576911+00","00:07:18.881317","25",False,False
35205,"2024-03-07 13:35:50.051455+00","2024-03-07 13:28:30.372423+00","00:07:19.679032","25",False,False
35814,"2024-03-13 12:43:33.012385+00","2024-03-13 12:36:12.634933+00","00:07:20.377452","25",False,False
35549,"2024-03-12 03:11:06.365545+00","2024-03-12 03:03:45.000603+00","00:07:21.364942","25",False,False
35710,"2024-03-12 22:22:15.290883+00","2024-03-12 22:14:53.354411+00","00:07:21.936472","25",False,False
35709,"2024-03-12 22:14:53.354411+00","2024-03-12 22:07:30.458228+00","00:07:22.896183","25",False,False
35387,"2024-03-08 18:53:36.553004+00","2024-03-08 18:46:13.47482+00","00:07:23.078184","25",False,False
35793,"2024-03-13 10:48:02.459274+00","2024-03-13 10:40:39.164459+00","00:07:23.294815","25",False,False
35736,"2024-03-13 01:45:06.943187+00","2024-03-13 01:37:43.339413+00","00:07:23.603774","25",False,False
35703,"2024-03-12 21:27:45.089632+00","2024-03-12 21:20:21.088752+00","00:07:24.00088","25",False,False
35434,"2024-03-11 13:06:24.492886+00","2024-03-11 12:59:00.31427+00","00:07:24.178616","25",False,False
35389,"2024-03-08 19:15:09.211028+00","2024-03-08 19:07:44.594616+00","00:07:24.616412","25",False,False
35745,"2024-03-13 02:59:52.016642+00","2024-03-13 02:52:27.027723+00","00:07:24.988919","25",NULL,NULL
35811,"2024-03-13 12:28:38.141291+00","2024-03-13 12:21:12.811762+00","00:07:25.329529","25",False,False
35426,"2024-03-11 12:20:02.109011+00","2024-03-11 12:12:36.578919+00","00:07:25.530092","25",False,False
35524,"2024-03-11 23:09:09.632091+00","2024-03-11 23:01:44.050773+00","00:07:25.581318","25",False,False
35392,"2024-03-08 19:45:17.707398+00","2024-03-08 19:37:52.033824+00","00:07:25.673574","25",False,False
35761,"2024-03-13 04:14:44.305642+00","2024-03-13 04:07:18.448367+00","00:07:25.857275","25",NULL,NULL
35414,"2024-03-11 11:18:58.516646+00","2024-03-11 11:11:32.456484+00","00:07:26.060162","25",False,False
35933,"2024-03-14 01:51:50.604152+00","2024-03-14 01:44:24.039246+00","00:07:26.564906","25",False,False
35423,"2024-03-11 12:05:11.338206+00","2024-03-11 11:57:44.406078+00","00:07:26.932128","25",False,False
35688,"2024-03-12 19:28:04.805344+00","2024-03-12 19:20:37.764668+00","00:07:27.040676","25",False,False
35854,"2024-03-13 16:26:29.208022+00","2024-03-13 16:19:01.705835+00","00:07:27.502187","25",False,False
35973,"2024-03-14 11:02:17.323915+00","2024-03-14 10:54:49.676182+00","00:07:27.647733","25",False,False
35753,"2024-03-13 03:37:16.756555+00","2024-03-13 03:29:48.767361+00","00:07:27.989194","25",NULL,NULL
35731,"2024-03-13 01:18:12.915464+00","2024-03-13 01:10:44.722279+00","00:07:28.193185","25",False,False
35756,"2024-03-13 03:52:14.630926+00","2024-03-13 03:44:46.137251+00","00:07:28.493675","25",NULL,NULL
35876,"2024-03-13 19:36:54.911932+00","2024-03-13 19:29:25.565678+00","00:07:29.346254","25",False,False
35768,"2024-03-13 04:50:13.147532+00","2024-03-13 04:42:43.639222+00","00:07:29.50831","25",NULL,NULL
35409,"2024-03-11 10:55:22.63258+00","2024-03-11 10:47:52.636192+00","00:07:29.996388","25",False,False
35571,"2024-03-12 05:58:02.622533+00","2024-03-12 05:50:32.353789+00","00:07:30.268744","25",False,False
35873,"2024-03-13 19:21:31.198932+00","2024-03-13 19:14:00.885524+00","00:07:30.313408","25",False,False
35702,"2024-03-12 21:20:21.088752+00","2024-03-12 21:12:50.761475+00","00:07:30.327277","25",False,False
35545,"2024-03-12 02:44:26.706321+00","2024-03-12 02:36:54.227192+00","00:07:32.479129","25",False,False
35322,"2024-03-07 23:53:08.920961+00","2024-03-07 23:45:36.059006+00","00:07:32.861955","25",False,False
35439,"2024-03-11 13:29:13.23255+00","2024-03-11 13:21:40.350517+00","00:07:32.882033","25",False,False
35126,"2024-03-07 00:03:07.439659+00","2024-03-06 23:55:34.536408+00","00:07:32.903251","25",False,False
35797,"2024-03-13 11:22:38.313799+00","2024-03-13 11:15:04.832114+00","00:07:33.481685","25",False,False
35417,"2024-03-11 11:34:44.426683+00","2024-03-11 11:27:10.880026+00","00:07:33.546657","25",False,False
35865,"2024-03-13 18:08:17.145653+00","2024-03-13 18:00:43.348475+00","00:07:33.797178","25",True,False
35808,"2024-03-13 12:13:42.145758+00","2024-03-13 12:06:08.157066+00","00:07:33.988692","25",False,False
35975,"2024-03-14 11:16:39.255611+00","2024-03-14 11:09:03.743619+00","00:07:35.511992","25",False,False
35627,"2024-03-12 13:13:49.127428+00","2024-03-12 13:06:13.39218+00","00:07:35.735248","25",False,False
35952,"2024-03-14 04:16:44.279183+00","2024-03-14 04:09:06.963782+00","00:07:37.315401","25",False,False
35427,"2024-03-11 12:27:41.399887+00","2024-03-11 12:20:02.109011+00","00:07:39.290876","25",False,False
35769,"2024-03-13 04:57:52.97266+00","2024-03-13 04:50:13.147532+00","00:07:39.825128","25",NULL,NULL
35130,"2024-03-07 00:37:47.436202+00","2024-03-07 00:30:05.93701+00","00:07:41.499192","25",False,False
35433,"2024-03-11 12:59:00.31427+00","2024-03-11 12:51:18.217526+00","00:07:42.096744","25",False,False
35908,"2024-03-13 22:38:30.960341+00","2024-03-13 22:30:47.884531+00","00:07:43.07581","25",False,False
35158,"2024-03-07 04:35:58.157377+00","2024-03-07 04:28:12.277842+00","00:07:45.879535","25",False,False
35328,"2024-03-08 00:43:56.769531+00","2024-03-08 00:36:09.002197+00","00:07:47.767334","25",False,False
35699,"2024-03-12 20:20:08.038898+00","2024-03-12 20:12:20.101343+00","00:07:47.937555","25",False,False
35379,"2024-03-08 17:18:03.822868+00","2024-03-08 17:10:15.574462+00","00:07:48.248406","25",False,False
35966,"2024-03-14 06:08:38.476098+00","2024-03-14 06:00:49.852622+00","00:07:48.623476","25",False,False
35940,"2024-03-14 03:04:31.066519+00","2024-03-14 02:56:40.256318+00","00:07:50.810201","25",False,False
35128,"2024-03-07 00:18:06.634937+00","2024-03-07 00:10:14.630216+00","00:07:52.004721","25",False,False
35523,"2024-03-11 23:01:44.050773+00","2024-03-11 22:53:51.487976+00","00:07:52.562797","25",False,False
35386,"2024-03-08 18:46:13.47482+00","2024-03-08 18:38:20.859236+00","00:07:52.615584","25",False,False
35316,"2024-03-07 23:08:18.822552+00","2024-03-07 23:00:25.831626+00","00:07:52.990926","25",False,False
35976,"2024-03-14 11:24:33.054374+00","2024-03-14 11:16:39.255611+00","00:07:53.798763","25",False,False
35831,"2024-03-13 14:24:36.426984+00","2024-03-13 14:16:39.763476+00","00:07:56.663508","25",False,False
35673,"2024-03-12 17:57:27.221079+00","2024-03-12 17:49:29.394407+00","00:07:57.826672","25",False,False
35327,"2024-03-08 00:36:09.002197+00","2024-03-08 00:28:09.060353+00","00:07:59.941844","25",False,False
35196,"2024-03-07 12:54:30.047361+00","2024-03-07 12:46:30.060659+00","00:07:59.986702","25",False,False
35131,"2024-03-07 00:45:47.83168+00","2024-03-07 00:37:47.436202+00","00:08:00.395478","25",False,False
35939,"2024-03-14 02:56:40.256318+00","2024-03-14 02:48:39.727939+00","00:08:00.528379","25",False,False
35927,"2024-03-14 00:47:47.353059+00","2024-03-14 00:39:46.260814+00","00:08:01.092245","25",False,False
35398,"2024-03-08 20:36:48.59646+00","2024-03-08 20:28:46.975966+00","00:08:01.620494","25",False,False
35325,"2024-03-08 00:15:31.789078+00","2024-03-08 00:07:29.926473+00","00:08:01.862605","25",False,False
35695,"2024-03-12 20:00:25.991329+00","2024-03-12 19:52:21.21254+00","00:08:04.778789","25",False,False
35420,"2024-03-11 11:50:20.875987+00","2024-03-11 11:42:15.847246+00","00:08:05.028741","25",False,False
35186,"2024-03-07 12:06:49.452232+00","2024-03-07 11:58:43.441802+00","00:08:06.01043","25",False,False
35573,"2024-03-12 06:12:25.127439+00","2024-03-12 06:04:19.014777+00","00:08:06.112662","25",False,False
35741,"2024-03-13 02:44:53.662501+00","2024-03-13 02:36:46.979005+00","00:08:06.683496","25",False,False
35955,"2024-03-14 04:46:50.460408+00","2024-03-14 04:38:43.730137+00","00:08:06.730271","25",False,False
35562,"2024-03-12 04:37:57.807594+00","2024-03-12 04:29:50.48887+00","00:08:07.318724","25",False,False
35956,"2024-03-14 04:54:58.970122+00","2024-03-14 04:46:50.460408+00","00:08:08.509714","25",False,False
35920,"2024-03-13 23:44:36.081924+00","2024-03-13 23:36:26.610336+00","00:08:09.471588","25",False,False
35395,"2024-03-08 20:10:08.429792+00","2024-03-08 20:01:58.818099+00","00:08:09.611693","25",False,False
35503,"2024-03-11 19:50:43.064113+00","2024-03-11 19:42:33.362267+00","00:08:09.701846","25",False,False
35506,"2024-03-11 20:05:11.14954+00","2024-03-11 19:56:57.645586+00","00:08:13.503954","25",False,False
35481,"2024-03-11 17:36:09.59903+00","2024-03-11 17:27:55.114279+00","00:08:14.484751","25",False,False
35842,"2024-03-13 15:10:31.770381+00","2024-03-13 15:02:14.913172+00","00:08:16.857209","25",False,False
35949,"2024-03-14 03:51:32.999461+00","2024-03-14 03:43:14.771811+00","00:08:18.22765","25",False,False
35971,"2024-03-14 10:45:00.318304+00","2024-03-14 10:36:41.315251+00","00:08:19.003053","25",False,False
35981,"2024-03-14 12:00:09.334855+00","2024-03-14 11:51:47.791205+00","00:08:21.54365","25",False,False
35313,"2024-03-07 22:51:59.218136+00","2024-03-07 22:43:36.922704+00","00:08:22.295432","25",False,False
35713,"2024-03-12 22:52:55.824659+00","2024-03-12 22:44:32.975062+00","00:08:22.849597","25",False,False
35929,"2024-03-14 01:07:31.525541+00","2024-03-14 00:59:05.176075+00","00:08:26.349466","25",False,False
35648,"2024-03-12 15:08:59.767878+00","2024-03-12 15:00:32.78422+00","00:08:26.983658","25",False,False
35319,"2024-03-07 23:32:02.150446+00","2024-03-07 23:23:33.278877+00","00:08:28.871569","25",False,False
35926,"2024-03-14 00:39:46.260814+00","2024-03-14 00:31:16.698289+00","00:08:29.562525","25",False,False
35368,"2024-03-08 06:29:40.518611+00","2024-03-08 06:21:10.522724+00","00:08:29.995887","25",False,False
35329,"2024-03-08 00:52:26.799611+00","2024-03-08 00:43:56.769531+00","00:08:30.03008","25",False,False
35372,"2024-03-08 07:07:48.6316+00","2024-03-08 06:59:15.921843+00","00:08:32.709757","25",False,False
35404,"2024-03-11 10:28:29.641802+00","2024-03-11 10:19:56.127173+00","00:08:33.514629","25",False,False
35706,"2024-03-12 21:53:06.740858+00","2024-03-12 21:44:32.190668+00","00:08:34.55019","25",False,False
35318,"2024-03-07 23:23:33.278877+00","2024-03-07 23:14:58.503098+00","00:08:34.775779","25",False,False
35718,"2024-03-12 23:33:43.685688+00","2024-03-12 23:25:08.364348+00","00:08:35.32134","25",False,False
35796,"2024-03-13 11:15:04.832114+00","2024-03-13 11:06:29.212448+00","00:08:35.619666","25",False,False
35520,"2024-03-11 22:30:52.243971+00","2024-03-11 22:22:15.274097+00","00:08:36.969874","25",False,False
35649,"2024-03-12 15:17:36.86909+00","2024-03-12 15:08:59.767878+00","00:08:37.101212","25",False,False
35139,"2024-03-07 01:56:57.17736+00","2024-03-07 01:48:18.459602+00","00:08:38.717758","25",False,False
35671,"2024-03-12 17:48:41.430609+00","2024-03-12 17:40:02.491294+00","00:08:38.939315","25",False,False
35779,"2024-03-13 05:58:56.747118+00","2024-03-13 05:50:16.405596+00","00:08:40.341522","25",NULL,NULL
35726,"2024-03-13 00:55:53.121153+00","2024-03-13 00:47:09.79578+00","00:08:43.325373","25",False,False
35169,"2024-03-07 05:58:36.935022+00","2024-03-07 05:49:52.997952+00","00:08:43.93707","25",False,False
35720,"2024-03-12 23:52:29.675578+00","2024-03-12 23:43:42.346581+00","00:08:47.328997","25",False,False
35334,"2024-03-08 01:46:30.548279+00","2024-03-08 01:37:42.370657+00","00:08:48.177622","25",False,False
35725,"2024-03-13 00:47:09.79578+00","2024-03-13 00:38:19.341387+00","00:08:50.454393","25",False,False
35795,"2024-03-13 11:06:29.212448+00","2024-03-13 10:57:36.525505+00","00:08:52.686943","25",False,False
35370,"2024-03-08 06:50:10.89057+00","2024-03-08 06:41:14.53377+00","00:08:56.3568","25",False,False
35357,"2024-03-08 04:55:22.364147+00","2024-03-08 04:46:25.661046+00","00:08:56.703101","25",False,False
35371,"2024-03-08 06:59:15.921843+00","2024-03-08 06:50:10.89057+00","00:09:05.031273","25",False,False
35714,"2024-03-12 23:02:02.23784+00","2024-03-12 22:52:55.824659+00","00:09:06.413181","25",False,False
35848,"2024-03-13 15:41:13.555978+00","2024-03-13 15:32:06.456897+00","00:09:07.099081","25",False,False
35539,"2024-03-12 01:22:13.061942+00","2024-03-12 01:13:04.829841+00","00:09:08.232101","25",False,False
35517,"2024-03-11 22:02:16.041035+00","2024-03-11 21:53:07.727832+00","00:09:08.313203","25",False,False
35161,"2024-03-07 04:57:16.230175+00","2024-03-07 04:48:04.381994+00","00:09:11.848181","25",False,False
35954,"2024-03-14 04:38:43.730137+00","2024-03-14 04:29:30.812804+00","00:09:12.917333","25",False,False
35373,"2024-03-08 07:17:02.083974+00","2024-03-08 07:07:48.6316+00","00:09:13.452374","25",False,False
35870,"2024-03-13 18:48:54.649118+00","2024-03-13 18:39:38.354308+00","00:09:16.29481","25",False,False
35724,"2024-03-13 00:38:19.341387+00","2024-03-13 00:29:02.531904+00","00:09:16.809483","25",False,False
35525,"2024-03-11 23:18:27.987654+00","2024-03-11 23:09:09.632091+00","00:09:18.355563","25",False,False
35393,"2024-03-08 19:54:42.55961+00","2024-03-08 19:45:17.707398+00","00:09:24.852212","25",False,False
35717,"2024-03-12 23:25:08.364348+00","2024-03-12 23:15:39.316446+00","00:09:29.047902","25",False,False
35664,"2024-03-12 17:20:37.228419+00","2024-03-12 17:11:06.103677+00","00:09:31.124742","25",False,False
35519,"2024-03-11 22:22:15.274097+00","2024-03-11 22:12:42.315967+00","00:09:32.95813","25",False,False
35794,"2024-03-13 10:57:36.525505+00","2024-03-13 10:48:02.459274+00","00:09:34.066231","25",False,False
35171,"2024-03-07 06:36:34.59334+00","2024-03-07 06:26:57.083204+00","00:09:37.510136","25",False,False
35705,"2024-03-12 21:44:32.190668+00","2024-03-12 21:34:51.973431+00","00:09:40.217237","25",False,False
35715,"2024-03-12 23:11:44.690239+00","2024-03-12 23:02:02.23784+00","00:09:42.452399","25",False,False
35527,"2024-03-11 23:40:01.617257+00","2024-03-11 23:30:16.9688+00","00:09:44.648457","25",False,False
35513,"2024-03-11 21:20:07.66894+00","2024-03-11 21:10:22.722795+00","00:09:44.946145","25",False,False
35508,"2024-03-11 20:15:18.096135+00","2024-03-11 20:05:31.705229+00","00:09:46.390906","25",False,False
35972,"2024-03-14 10:54:49.676182+00","2024-03-14 10:45:00.318304+00","00:09:49.357878","25",False,False
35990,"2024-03-14 13:21:02.114775+00","2024-03-14 13:11:05.567705+00","00:09:56.54707","25",False,False
35719,"2024-03-12 23:43:42.346581+00","2024-03-12 23:33:43.685688+00","00:09:58.660893","25",False,False
35296,"2024-03-07 20:50:21.371148+00","2024-03-07 20:40:22.70123+00","00:09:58.669918","25",False,False
35711,"2024-03-12 22:32:15.181524+00","2024-03-12 22:22:15.290883+00","00:09:59.890641","25",False,False
35210,"2024-03-07 13:59:08.338173+00","2024-03-07 13:49:03.66146+00","00:10:04.676713","25",False,False
35405,"2024-03-11 10:38:37.529275+00","2024-03-11 10:28:29.641802+00","00:10:07.887473","25",False,False
35302,"2024-03-07 21:25:06.312513+00","2024-03-07 21:14:52.459276+00","00:10:13.853237","25",NULL,NULL
35950,"2024-03-14 04:01:48.42641+00","2024-03-14 03:51:32.999461+00","00:10:15.426949","25",False,False
35385,"2024-03-08 18:38:20.859236+00","2024-03-08 18:28:01.111686+00","00:10:19.74755","25",False,False
35884,"2024-03-13 20:25:38.964457+00","2024-03-13 20:15:14.766121+00","00:10:24.198336","25",False,False
35518,"2024-03-11 22:12:42.315967+00","2024-03-11 22:02:16.041035+00","00:10:26.274932","25",False,False
35165,"2024-03-07 05:25:55.58675+00","2024-03-07 05:15:29.179288+00","00:10:26.407462","25",False,False
35173,"2024-03-07 07:00:13.78189+00","2024-03-07 06:49:46.128144+00","00:10:27.653746","25",False,False
35556,"2024-03-12 04:02:23.92283+00","2024-03-12 03:51:55.682048+00","00:10:28.240782","25",False,False
35390,"2024-03-08 19:25:40.362878+00","2024-03-08 19:15:09.211028+00","00:10:31.15185","25",False,False
35780,"2024-03-13 06:09:29.33456+00","2024-03-13 05:58:56.747118+00","00:10:32.587442","25",NULL,NULL
35335,"2024-03-08 01:57:03.415561+00","2024-03-08 01:46:30.548279+00","00:10:32.867282","25",False,False
35382,"2024-03-08 18:05:11.41414+00","2024-03-08 17:54:36.01084+00","00:10:35.4033","25",False,False
35516,"2024-03-11 21:53:07.727832+00","2024-03-11 21:42:29.478087+00","00:10:38.249745","25",False,False
35883,"2024-03-13 20:15:14.766121+00","2024-03-13 20:04:32.098929+00","00:10:42.667192","25",False,False
35166,"2024-03-07 05:36:40.674372+00","2024-03-07 05:25:55.58675+00","00:10:45.087622","25",False,False
35650,"2024-03-12 15:28:26.269193+00","2024-03-12 15:17:36.86909+00","00:10:49.400103","25",False,False
35968,"2024-03-14 06:19:45.359035+00","2024-03-14 06:08:50.609158+00","00:10:54.749877","25",False,False
35501,"2024-03-11 19:41:24.561838+00","2024-03-11 19:30:17.02699+00","00:11:07.534848","25",False,False
35514,"2024-03-11 21:31:16.692144+00","2024-03-11 21:20:07.66894+00","00:11:09.023204","25",False,False
35491,"2024-03-11 18:33:49.346383+00","2024-03-11 18:22:38.19447+00","00:11:11.151913","25",False,False
35781,"2024-03-13 06:20:41.102746+00","2024-03-13 06:09:29.33456+00","00:11:11.768186","25",False,False
35515,"2024-03-11 21:42:29.478087+00","2024-03-11 21:31:16.692144+00","00:11:12.785943","25",False,False
35512,"2024-03-11 21:10:22.722795+00","2024-03-11 20:59:07.571386+00","00:11:15.151409","25",False,False
35928,"2024-03-14 00:59:05.176075+00","2024-03-14 00:47:47.353059+00","00:11:17.823016","25",False,False
35199,"2024-03-07 13:13:52.055079+00","2024-03-07 13:02:33.542019+00","00:11:18.51306","25",False,False
35383,"2024-03-08 18:16:31.313629+00","2024-03-08 18:05:11.41414+00","00:11:19.899489","25",False,False
35339,"2024-03-08 02:32:00.064238+00","2024-03-08 02:20:38.183564+00","00:11:21.880674","25",False,False
35143,"2024-03-07 02:26:28.205537+00","2024-03-07 02:15:05.676987+00","00:11:22.52855","25",False,False
35522,"2024-03-11 22:53:51.487976+00","2024-03-11 22:42:23.30096+00","00:11:28.187016","25",False,False
35384,"2024-03-08 18:28:01.111686+00","2024-03-08 18:16:31.313629+00","00:11:29.798057","25",False,False
35540,"2024-03-12 01:33:42.987058+00","2024-03-12 01:22:13.061942+00","00:11:29.925116","25",False,False
35521,"2024-03-11 22:42:23.30096+00","2024-03-11 22:30:52.243971+00","00:11:31.056989","25",False,False
35369,"2024-03-08 06:41:14.53377+00","2024-03-08 06:29:40.518611+00","00:11:34.015159","25",False,False
35397,"2024-03-08 20:28:46.975966+00","2024-03-08 20:17:12.960548+00","00:11:34.015418","25",False,False
35336,"2024-03-08 02:08:43.950023+00","2024-03-08 01:57:03.415561+00","00:11:40.534462","25",False,False
35918,"2024-03-13 23:29:33.968141+00","2024-03-13 23:17:48.933893+00","00:11:45.034248","25",False,False
35526,"2024-03-11 23:30:16.9688+00","2024-03-11 23:18:27.987654+00","00:11:48.981146","25",False,False
35180,"2024-03-07 11:36:58.675119+00","2024-03-07 11:25:01.483057+00","00:11:57.192062","25",False,False
35129,"2024-03-07 00:30:05.93701+00","2024-03-07 00:18:06.634937+00","00:11:59.302073","25",False,False
35391,"2024-03-08 19:37:52.033824+00","2024-03-08 19:25:40.362878+00","00:12:11.670946","25",False,False
35174,"2024-03-07 07:12:27.898837+00","2024-03-07 07:00:13.78189+00","00:12:14.116947","25",False,False
35712,"2024-03-12 22:44:32.975062+00","2024-03-12 22:32:15.181524+00","00:12:17.793538","25",False,False
35646,"2024-03-12 14:53:17.847185+00","2024-03-12 14:40:59.04446+00","00:12:18.802725","25",False,False
35326,"2024-03-08 00:28:09.060353+00","2024-03-08 00:15:31.789078+00","00:12:37.271275","25",False,False
35953,"2024-03-14 04:29:30.812804+00","2024-03-14 04:16:44.279183+00","00:12:46.533621","25",False,False
35172,"2024-03-07 06:49:46.128144+00","2024-03-07 06:36:34.59334+00","00:13:11.534804","25",False,False
35485,"2024-03-11 18:01:16.507153+00","2024-03-11 17:47:50.621717+00","00:13:25.885436","25",False,False
35380,"2024-03-08 17:31:44.595062+00","2024-03-08 17:18:03.822868+00","00:13:40.772194","25",False,False
35930,"2024-03-14 01:21:32.147124+00","2024-03-14 01:07:31.525541+00","00:14:00.621583","25",False,False
35984,"2024-03-14 12:27:38.500763+00","2024-03-14 12:13:37.723108+00","00:14:00.777655","25",False,False
35388,"2024-03-08 19:07:44.594616+00","2024-03-08 18:53:36.553004+00","00:14:08.041612","25",False,False
35363,"2024-03-08 05:33:13.548655+00","2024-03-08 05:18:23.29154+00","00:14:50.257115","25",False,False
35932,"2024-03-14 01:44:24.039246+00","2024-03-14 01:28:44.594166+00","00:15:39.44508","25",False,False
35247,"2024-03-07 16:42:54.480012+00","2024-03-07 16:27:11.681745+00","00:15:42.798267","25",False,False
35850,"2024-03-13 15:58:34.200087+00","2024-03-13 15:41:22.973188+00","00:17:11.226899","25",False,False
35867,"2024-03-13 18:32:37.868997+00","2024-03-13 18:15:13.616613+00","00:17:24.252384","25",False,False
35987,"2024-03-14 12:58:04.304094+00","2024-03-14 12:40:28.148391+00","00:17:36.155703","25",False,False
35222,"2024-03-07 15:02:47.325344+00","2024-03-07 14:41:53.768776+00","00:20:53.556568","25",False,False
35581,"2024-03-12 10:29:31.217932+00","2024-03-12 10:07:39.030187+00","00:21:52.187745","25",False,False
35287,"2024-03-07 20:13:41.412006+00","2024-03-07 19:51:26.666396+00","00:22:14.74561","25",False,False
35685,"2024-03-12 19:13:10.51559+00","2024-03-12 18:50:52.968909+00","00:22:17.546681","25",False,False
35381,"2024-03-08 17:54:36.01084+00","2024-03-08 17:31:44.595062+00","00:22:51.415778","25",False,False
35442,"2024-03-11 14:00:53.636088+00","2024-03-11 13:37:05.441807+00","00:23:48.194281","25",False,False
35636,"2024-03-12 14:08:27.785744+00","2024-03-12 13:43:34.294508+00","00:24:53.491236","25",False,False
35134,"2024-03-07 01:24:10.837599+00","2024-03-07 00:58:26.959058+00","00:25:43.878541","25",False,False
35331,"2024-03-08 01:25:00.600699+00","2024-03-08 00:59:13.371655+00","00:25:47.229044","25",False,False
35565,"2024-03-12 05:17:44.114302+00","2024-03-12 04:51:45.179515+00","00:25:58.934787","25",False,False
35924,"2024-03-14 00:24:13.103329+00","2024-03-13 23:58:11.146188+00","00:26:01.957141","25",False,False
35530,"2024-03-12 00:20:19.335968+00","2024-03-11 23:54:09.500915+00","00:26:09.835053","25",False,False
35367,"2024-03-08 06:21:10.522724+00","2024-03-08 05:54:12.337199+00","00:26:58.185525","25",False,False
35721,"2024-03-13 00:20:21.998075+00","2024-03-12 23:52:29.675578+00","00:27:52.322497","25",False,False
35170,"2024-03-07 06:26:57.083204+00","2024-03-07 05:58:36.935022+00","00:28:20.148182","25",False,False
35496,"2024-03-11 19:17:01.822883+00","2024-03-11 18:48:35.020887+00","00:28:26.801996","25",False,False
35957,"2024-03-14 05:24:40.273175+00","2024-03-14 04:54:58.970122+00","00:29:41.303053","25",False,False
35303,"2024-03-07 21:57:36.48037+00","2024-03-07 21:25:06.312513+00","00:32:30.167857","25",NULL,NULL
35511,"2024-03-11 20:59:07.571386+00","2024-03-11 20:23:36.883922+00","00:35:30.687464","25",False,False
35885,"2024-03-13 21:02:40.298367+00","2024-03-13 20:25:38.964457+00","00:37:01.33391","25",False,False
35476,"2024-03-11 17:08:15.34999+00","2024-03-11 16:30:51.048108+00","00:37:24.301882","25",False,False
35740,"2024-03-13 02:36:46.979005+00","2024-03-13 01:58:41.86413+00","00:38:05.114875","25",False,False
35663,"2024-03-12 17:11:06.103677+00","2024-03-12 16:31:26.735016+00","00:39:39.368661","25",False,False
35935,"2024-03-14 02:35:07.38439+00","2024-03-14 01:55:21.534392+00","00:39:45.849998","25",False,False
35856,"2024-03-13 17:10:09.496835+00","2024-03-13 16:29:43.856223+00","00:40:25.640612","25",False,False
35544,"2024-03-12 02:36:54.227192+00","2024-03-12 01:54:30.369891+00","00:42:23.857301","25",False,False
35149,"2024-03-07 03:39:42.245913+00","2024-03-07 02:57:12.773014+00","00:42:29.472899","25",False,False
35344,"2024-03-08 03:41:25.830685+00","2024-03-08 02:55:28.805301+00","00:45:57.025384","25",False,False
35701,"2024-03-12 21:12:50.761475+00","2024-03-12 20:20:13.226407+00","00:52:37.535068","25",False,False
35970,"2024-03-14 10:36:41.315251+00","2024-03-14 09:09:59.505583+00","01:26:41.809668","25",False,False
35378,"2024-03-08 17:10:15.574462+00","2024-03-08 14:09:13.482713+00","03:01:02.091749","25",False,False
