"t_stamp","boucherville/deck shop/line 51/standard/status"
"2024-03-20 18:33:05.744","3"
"2024-03-20 18:33:07.748","6"
"2024-03-20 18:35:13.087","7"
"2024-03-20 18:35:15.098","2"
"2024-03-20 18:38:47.108","3"
"2024-03-20 18:38:48.111","6"
"2024-03-20 18:38:50.113","7"
"2024-03-20 18:38:51.119","2"
"2024-03-20 18:39:11.659","3"
"2024-03-20 18:39:13.663","6"
"2024-03-20 18:40:34.888","3"
"2024-03-20 18:40:37.893","6"
"2024-03-20 18:40:45.907","7"
"2024-03-20 18:40:49.929","2"
"2024-03-20 18:41:54.126","3"
"2024-03-20 18:41:58.130","6"
"2024-03-20 18:44:47.961","2"
"2024-03-20 18:47:21.418","3"
"2024-03-20 18:47:22.420","6"
"2024-03-20 18:49:27.193","7"
"2024-03-20 18:49:31.202","2"
"2024-03-20 18:55:23.679","6"
"2024-03-20 18:56:44.336","7"
"2024-03-20 18:56:50.350","2"
"2024-03-20 18:57:08.387","6"
"2024-03-20 19:00:01.804","7"
"2024-03-20 19:00:07.817","2"
"2024-03-20 19:00:35.886","6"
"2024-03-20 19:02:17.410","7"
"2024-03-20 19:02:23.483","2"
"2024-03-20 19:05:47.595","6"
"2024-03-20 19:08:59.553","7"
"2024-03-20 19:09:02.557","2"
"2024-03-20 19:09:14.578","3"
"2024-03-20 19:09:17.585","6"
"2024-03-20 19:15:09.883","7"
"2024-03-20 19:15:14.889","2"
"2024-03-20 19:19:31.596","3"
"2024-03-20 19:19:33.598","2"
"2024-03-20 19:19:57.737","3"
"2024-03-20 19:20:02.745","6"
"2024-03-20 19:22:02.636","7"
"2024-03-20 19:22:06.640","2"
"2024-03-20 19:22:09.663","3"
"2024-03-20 19:22:11.691","6"
"2024-03-20 19:22:12.693","2"
"2024-03-20 19:23:45.906","3"
"2024-03-20 19:23:47.911","6"
"2024-03-20 19:26:48.853","7"
"2024-03-20 19:26:51.860","2"
"2024-03-20 19:27:17.914","6"
"2024-03-20 19:28:26.566","7"
"2024-03-20 19:28:29.569","2"
"2024-03-20 19:28:58.901","6"
"2024-03-20 19:29:37.529","7"
"2024-03-20 19:29:42.540","2"
"2024-03-20 19:31:10.933","6"
"2024-03-20 19:31:32.476","2"
"2024-03-20 19:35:23.713","3"
"2024-03-20 19:35:25.713","2"
"2024-03-20 19:35:30.722","3"
"2024-03-20 19:35:31.724","6"
"2024-03-20 19:36:02.799","7"
"2024-03-20 19:36:08.810","2"
"2024-03-20 19:36:54.937","3"
"2024-03-20 19:36:55.940","6"
"2024-03-20 19:37:57.739","7"
"2024-03-20 19:38:01.243","2"
"2024-03-20 19:38:41.886","3"
"2024-03-20 19:38:42.885","6"
"2024-03-20 19:44:49.125","7"
"2024-03-20 19:44:51.632","2"
"2024-03-20 19:46:40.858","6"
"2024-03-20 19:49:05.190","7"
"2024-03-20 19:49:07.700","2"
"2024-03-20 20:01:23.781","6"
"2024-03-20 20:02:00.846","7"
"2024-03-20 20:02:02.847","2"
"2024-03-20 20:02:58.735","3"
"2024-03-20 20:02:59.739","6"
"2024-03-20 20:04:52.967","7"
"2024-03-20 20:04:55.975","2"
"2024-03-20 20:05:25.039","3"
"2024-03-20 20:05:28.046","6"
"2024-03-20 20:09:33.684","7"
"2024-03-20 20:09:39.696","2"
"2024-03-20 20:13:57.812","6"
"2024-03-20 20:16:24.734","7"
"2024-03-20 20:16:28.741","2"
"2024-03-20 20:24:14.673","6"
"2024-03-20 20:26:42.001","7"
"2024-03-20 20:26:47.014","2"
"2024-03-20 20:27:16.074","6"
"2024-03-20 20:29:43.054","7"
"2024-03-20 20:29:46.060","2"
"2024-03-20 20:34:00.824","3"
"2024-03-20 20:34:02.830","6"
"2024-03-20 20:35:57.717","7"
"2024-03-20 20:36:04.764","2"
"2024-03-20 20:39:12.137","6"
"2024-03-20 20:41:38.852","7"
"2024-03-20 20:41:43.859","2"
"2024-03-20 20:46:18.169","3"
"2024-03-20 20:46:19.169","6"
"2024-03-20 20:48:02.955","7"
"2024-03-20 20:48:08.967","2"
"2024-03-20 21:23:44.134","3"
"2024-03-20 21:23:46.138","6"
"2024-03-20 21:46:22.023","7"
"2024-03-20 21:46:28.035","2"
"2024-03-20 21:46:51.081","6"
"2024-03-20 21:50:54.202","7"
"2024-03-20 21:51:00.237","2"
"2024-03-20 21:51:47.851","6"
"2024-03-20 21:53:59.208","7"
"2024-03-20 21:54:05.223","2"
"2024-03-20 21:57:50.168","6"
"2024-03-20 21:59:23.848","7"
"2024-03-20 21:59:28.860","2"
"2024-03-20 22:00:25.976","6"
"2024-03-20 22:03:25.003","7"
"2024-03-20 22:03:29.014","2"
"2024-03-20 22:03:49.050","6"
"2024-03-20 22:07:03.968","7"
"2024-03-20 22:07:13.991","2"
"2024-03-20 22:08:50.170","3"
"2024-03-20 22:08:54.177","6"
"2024-03-20 22:15:59.259","7"
"2024-03-20 22:16:02.268","2"
"2024-03-20 22:16:08.780","3"
"2024-03-20 22:16:11.785","6"
"2024-03-20 22:17:06.901","7"
"2024-03-20 22:17:09.907","2"
"2024-03-20 22:17:14.915","3"
"2024-03-20 22:17:16.922","6"
"2024-03-20 22:17:19.931","2"
"2024-03-20 22:18:03.010","3"
"2024-03-20 22:18:05.024","6"
"2024-03-20 22:18:27.056","7"
"2024-03-20 22:18:33.067","2"
"2024-03-20 22:19:04.176","6"
"2024-03-20 22:20:20.831","7"
"2024-03-20 22:20:25.840","2"
"2024-03-20 22:20:51.905","3"
"2024-03-20 22:20:52.906","6"
"2024-03-20 22:22:11.066","7"
"2024-03-20 22:22:14.074","2"
"2024-03-20 22:22:50.162","6"
"2024-03-20 22:23:58.795","7"
"2024-03-20 22:24:00.796","6"
"2024-03-20 22:25:40.045","7"
"2024-03-20 22:25:42.053","2"
"2024-03-20 22:41:07.156","3"
"2024-03-20 22:41:11.164","6"
"2024-03-20 22:41:46.227","2"
"2024-03-20 22:41:59.249","3"
"2024-03-20 22:42:03.762","6"
"2024-03-20 22:42:25.809","2"
"2024-03-20 22:46:07.765","3"
"2024-03-20 22:46:13.775","6"
"2024-03-20 22:46:32.811","2"
"2024-03-20 22:46:33.814","6"
"2024-03-20 22:46:51.987","2"
"2024-03-20 22:47:16.068","3"
"2024-03-20 22:47:20.073","6"
"2024-03-20 22:47:49.133","7"
"2024-03-20 22:47:51.138","2"
"2024-03-21 07:52:03.730","3"
"2024-03-21 07:52:09.744","6"
"2024-03-21 07:52:28.534","2"
"2024-03-21 07:54:16.763","3"
"2024-03-21 07:54:22.274","6"
"2024-03-21 07:56:54.604","2"
"2024-03-21 07:59:41.437","3"
"2024-03-21 07:59:49.452","6"
"2024-03-21 08:00:25.534","7"
"2024-03-21 08:00:27.536","2"
"2024-03-21 08:02:52.307","3"
"2024-03-21 08:02:58.320","6"
"2024-03-21 08:04:39.636","7"
"2024-03-21 08:04:47.652","2"
"2024-03-21 08:05:20.889","6"
"2024-03-21 08:09:31.564","7"
"2024-03-21 08:09:38.619","2"
"2024-03-21 08:10:26.666","6"
"2024-03-21 08:14:12.820","2"
"2024-03-21 08:22:48.783","3"
"2024-03-21 08:22:51.788","6"
"2024-03-21 08:23:34.886","7"
"2024-03-21 08:23:43.901","2"
"2024-03-21 08:24:53.615","6"
"2024-03-21 08:27:24.961","7"
"2024-03-21 08:27:32.980","2"
"2024-03-21 08:28:12.673","6"
"2024-03-21 08:43:08.918","2"
"2024-03-21 08:43:42.025","6"
"2024-03-21 08:44:38.136","2"
"2024-03-21 08:46:27.972","3"
"2024-03-21 08:46:31.983","6"
"2024-03-21 08:47:14.072","7"
"2024-03-21 08:47:17.090","2"
"2024-03-21 08:48:22.104","3"
"2024-03-21 08:48:27.114","6"
"2024-03-21 08:49:00.277","7"
"2024-03-21 08:49:07.295","2"
"2024-03-21 08:49:42.357","3"
"2024-03-21 08:49:43.382","6"
"2024-03-21 08:52:12.226","7"
"2024-03-21 08:52:20.244","2"
"2024-03-21 08:55:32.860","3"
"2024-03-21 08:55:35.867","6"
"2024-03-21 08:55:38.875","2"
"2024-03-21 09:07:44.955","6"
"2024-03-21 09:10:17.078","7"
"2024-03-21 09:10:25.595","2"
"2024-03-21 09:11:09.676","6"
"2024-03-21 09:13:36.544","7"
"2024-03-21 09:13:42.911","2"
"2024-03-21 09:14:28.540","6"
"2024-03-21 09:17:01.885","7"
"2024-03-21 09:17:10.753","2"
"2024-03-21 09:18:00.465","6"
"2024-03-21 09:20:33.434","7"
"2024-03-21 09:20:39.455","2"
"2024-03-21 09:21:23.808","6"
"2024-03-21 09:23:56.635","7"
"2024-03-21 09:24:03.645","2"
"2024-03-21 09:24:49.884","3"
"2024-03-21 09:24:50.885","6"
"2024-03-21 09:27:23.745","7"
"2024-03-21 09:27:30.772","2"
"2024-03-21 09:51:29.866","3"
"2024-03-21 09:51:31.870","6"
"2024-03-21 09:54:55.600","7"
"2024-03-21 09:55:04.618","2"
"2024-03-21 09:55:50.734","6"
"2024-03-21 09:57:46.515","7"
"2024-03-21 09:57:55.531","2"
"2024-03-21 09:58:48.778","6"
"2024-03-21 10:02:33.901","7"
"2024-03-21 10:02:43.929","2"
"2024-03-21 10:03:36.261","6"
"2024-03-21 10:05:24.333","7"
"2024-03-21 10:05:33.364","2"
"2024-03-21 10:06:36.447","6"
"2024-03-21 10:09:25.288","7"
"2024-03-21 10:09:35.311","2"
"2024-03-21 10:10:35.176","6"
"2024-03-21 10:13:14.201","7"
"2024-03-21 10:13:21.546","2"
"2024-03-21 10:15:54.541","3"
"2024-03-21 10:15:55.543","6"
"2024-03-21 10:18:37.462","7"
"2024-03-21 10:18:46.476","2"
"2024-03-21 10:19:26.440","6"
"2024-03-21 10:22:09.811","7"
"2024-03-21 10:22:18.831","2"
"2024-03-21 10:23:50.719","6"
"2024-03-21 10:26:32.908","7"
"2024-03-21 10:26:42.930","2"
"2024-03-21 10:27:35.060","3"
"2024-03-21 10:27:35.558","6"
"2024-03-21 10:30:18.389","7"
"2024-03-21 10:30:24.400","2"
"2024-03-21 10:31:01.557","6"
"2024-03-21 10:33:44.497","7"
"2024-03-21 10:33:53.513","2"
"2024-03-21 10:34:37.759","6"
"2024-03-21 10:36:43.938","7"
"2024-03-21 10:36:50.952","2"
"2024-03-21 10:46:25.061","3"
"2024-03-21 10:46:27.068","6"
"2024-03-21 10:47:21.200","7"
"2024-03-21 10:47:28.812","2"
"2024-03-21 10:48:01.881","3"
"2024-03-21 10:48:02.882","6"
"2024-03-21 10:48:32.948","7"
"2024-03-21 10:48:33.952","2"
"2024-03-21 10:49:55.135","3"
"2024-03-21 10:50:01.142","6"
"2024-03-21 10:52:28.395","7"
"2024-03-21 10:52:36.419","2"
"2024-03-21 10:53:16.493","6"
"2024-03-21 10:55:49.456","7"
"2024-03-21 10:55:56.470","2"
"2024-03-21 10:56:38.668","6"
"2024-03-21 10:59:12.491","7"
"2024-03-21 10:59:18.308","2"
"2024-03-21 11:00:09.492","6"
"2024-03-21 11:02:43.362","7"
"2024-03-21 11:02:52.396","2"
"2024-03-21 11:03:45.756","6"
"2024-03-21 11:05:49.091","7"
"2024-03-21 11:05:50.596","2"
"2024-03-21 11:13:25.745","3"
"2024-03-21 11:13:26.746","6"
"2024-03-21 11:15:29.613","7"
"2024-03-21 11:15:38.631","2"
"2024-03-21 11:16:30.760","6"
"2024-03-21 11:18:26.640","7"
"2024-03-21 11:18:36.659","2"
"2024-03-21 11:19:39.309","6"
"2024-03-21 11:21:35.552","7"
"2024-03-21 11:21:41.570","2"
"2024-03-21 11:22:43.524","6"
"2024-03-21 11:24:00.682","7"
"2024-03-21 11:24:07.422","2"
"2024-03-21 11:25:02.574","6"
"2024-03-21 11:27:10.559","7"
"2024-03-21 11:27:16.658","2"
"2024-03-21 11:28:10.772","6"
"2024-03-21 11:30:34.368","7"
"2024-03-21 11:30:43.401","2"
"2024-03-21 11:31:52.422","6"
"2024-03-21 11:33:55.673","7"
"2024-03-21 11:34:02.281","2"
"2024-03-21 11:35:02.534","6"
"2024-03-21 11:35:24.581","7"
"2024-03-21 11:35:33.596","2"
"2024-03-21 11:36:09.523","3"
"2024-03-21 11:36:10.526","6"
"2024-03-21 11:38:10.580","2"
"2024-03-21 11:40:18.480","3"
"2024-03-21 11:40:20.487","6"
"2024-03-21 11:41:43.559","7"
"2024-03-21 11:41:46.558","2"
"2024-03-21 11:41:52.568","6"
"2024-03-21 11:42:14.620","7"
"2024-03-21 11:42:19.629","2"
"2024-03-21 11:42:59.710","3"
"2024-03-21 11:43:02.722","6"
"2024-03-21 11:45:55.672","7"
"2024-03-21 11:45:57.679","2"
"2024-03-21 11:47:22.528","3"
"2024-03-21 11:47:28.536","6"
"2024-03-21 11:48:09.635","7"
"2024-03-21 11:48:11.639","2"
"2024-03-21 11:49:19.276","3"
"2024-03-21 11:49:24.285","6"
"2024-03-21 11:50:01.499","7"
"2024-03-21 11:50:03.504","2"
"2024-03-21 12:00:40.378","3"
"2024-03-21 12:00:46.393","6"
"2024-03-21 12:02:34.683","2"
"2024-03-21 12:02:57.748","3"
"2024-03-21 12:03:00.753","6"
"2024-03-21 12:03:10.773","7"
"2024-03-21 12:03:14.281","2"
"2024-03-21 12:04:41.497","3"
"2024-03-21 12:04:45.504","6"
"2024-03-21 12:06:25.650","2"
"2024-03-21 12:06:48.697","3"
"2024-03-21 12:06:51.705","6"
"2024-03-21 12:07:06.732","7"
"2024-03-21 12:07:10.743","2"
"2024-03-21 12:08:11.372","3"
"2024-03-21 12:08:15.382","6"
"2024-03-21 12:09:59.252","2"
"2024-03-21 12:10:15.291","3"
"2024-03-21 12:10:18.298","6"
"2024-03-21 12:10:31.321","7"
"2024-03-21 12:10:35.336","2"
"2024-03-21 12:11:07.398","3"
"2024-03-21 12:11:12.408","6"
"2024-03-21 12:11:13.413","2"
"2024-03-21 12:11:33.447","6"
"2024-03-21 12:17:27.238","7"
"2024-03-21 12:17:34.251","2"
"2024-03-21 12:20:18.451","3"
"2024-03-21 12:20:19.454","6"
"2024-03-21 12:23:21.460","7"
"2024-03-21 12:23:24.463","2"
"2024-03-21 12:24:33.618","6"
"2024-03-21 12:27:36.287","7"
"2024-03-21 12:27:42.308","2"
"2024-03-21 13:41:51.608","3"
"2024-03-21 13:41:53.608","6"
"2024-03-21 13:44:46.471","2"
"2024-03-21 13:49:47.305","3"
"2024-03-21 13:49:54.321","6"
"2024-03-21 13:51:18.493","7"
"2024-03-21 13:51:26.508","2"
"2024-03-21 13:52:22.113","6"
"2024-03-21 13:54:44.159","7"
"2024-03-21 13:54:50.164","2"
"2024-03-21 13:55:23.231","6"
"2024-03-21 13:58:11.139","7"
"2024-03-21 13:58:17.160","2"
"2024-03-21 13:58:51.218","3"
"2024-03-21 13:58:52.218","6"
"2024-03-21 14:00:57.247","7"
"2024-03-21 14:01:01.374","2"
"2024-03-21 14:01:35.943","6"
"2024-03-21 14:04:42.909","7"
"2024-03-21 14:04:46.923","2"
"2024-03-21 14:05:21.983","6"
"2024-03-21 14:08:34.066","7"
"2024-03-21 14:08:39.076","2"
"2024-03-21 14:09:16.339","3"
"2024-03-21 14:09:17.342","6"
"2024-03-21 14:16:31.347","2"
"2024-03-21 14:16:39.360","6"
"2024-03-21 14:19:51.002","7"
"2024-03-21 14:19:53.005","2"
"2024-03-21 14:19:58.015","3"
"2024-03-21 14:19:59.013","6"
"2024-03-21 14:20:15.063","2"
"2024-03-21 14:26:06.054","3"
"2024-03-21 14:26:09.061","6"
"2024-03-21 14:27:17.383","7"
"2024-03-21 14:27:19.386","2"
"2024-03-21 14:28:21.284","3"
"2024-03-21 14:28:28.166","6"
"2024-03-21 14:28:47.208","7"
"2024-03-21 14:28:53.221","2"
"2024-03-21 14:29:33.297","6"
"2024-03-21 14:31:39.798","7"
"2024-03-21 14:31:44.807","2"
"2024-03-21 14:32:29.897","6"
"2024-03-21 14:35:04.682","7"
"2024-03-21 14:35:09.693","2"
"2024-03-21 14:35:47.843","6"
"2024-03-21 14:38:22.758","7"
"2024-03-21 14:38:30.480","2"
"2024-03-21 14:39:22.584","3"
"2024-03-21 14:39:23.583","6"
"2024-03-21 14:41:55.360","7"
"2024-03-21 14:42:00.872","2"
"2024-03-21 14:42:39.947","6"
"2024-03-21 14:45:11.848","7"
"2024-03-21 14:45:16.952","2"
"2024-03-21 14:45:48.520","6"
"2024-03-21 14:48:31.959","7"
"2024-03-21 14:48:37.969","2"
"2024-03-21 14:49:04.812","6"
"2024-03-21 14:50:01.928","2"
"2024-03-21 14:52:20.853","3"
"2024-03-21 14:52:22.857","6"
"2024-03-21 14:55:10.810","7"
"2024-03-21 14:55:16.832","2"
"2024-03-21 14:55:35.879","6"
"2024-03-21 15:03:21.569","7"
"2024-03-21 15:03:27.585","2"
"2024-03-21 15:04:04.788","6"
"2024-03-21 15:06:43.549","7"
"2024-03-21 15:06:48.558","2"
"2024-03-21 15:07:12.670","6"
"2024-03-21 15:11:01.767","7"
"2024-03-21 15:11:06.778","2"
"2024-03-21 15:14:18.877","3"
"2024-03-21 15:14:19.879","6"
"2024-03-21 15:16:59.601","7"
"2024-03-21 15:17:04.614","2"
"2024-03-21 15:17:27.671","6"
"2024-03-21 15:20:55.684","7"
"2024-03-21 15:21:01.698","2"
"2024-03-21 15:21:35.767","6"
"2024-03-21 15:23:48.578","7"
"2024-03-21 15:23:54.592","2"
"2024-03-21 15:45:45.946","3"
"2024-03-21 15:45:48.948","6"
"2024-03-21 15:46:23.015","7"
"2024-03-21 15:46:25.018","2"
"2024-03-21 15:47:47.722","3"
"2024-03-21 15:47:53.730","6"
"2024-03-21 15:50:17.748","7"
"2024-03-21 15:50:20.752","2"
"2024-03-21 15:50:21.755","3"
"2024-03-21 15:50:22.757","6"
"2024-03-21 15:50:46.795","7"
"2024-03-21 15:50:51.804","2"
"2024-03-21 15:51:16.954","3"
"2024-03-21 15:51:19.960","6"
"2024-03-21 15:51:20.962","2"
"2024-03-21 15:52:11.068","3"
"2024-03-21 15:52:14.072","6"
"2024-03-21 15:53:12.899","7"
"2024-03-21 15:53:15.902","2"
"2024-03-21 15:53:20.910","3"
"2024-03-21 15:53:23.916","2"
"2024-03-21 15:54:02.994","3"
"2024-03-21 15:54:04.998","6"
"2024-03-21 15:55:24.662","7"
"2024-03-21 15:55:33.679","2"
"2024-03-21 15:56:38.439","6"
"2024-03-21 15:58:26.193","7"
"2024-03-21 15:58:35.213","2"
"2024-03-21 15:59:11.412","3"
"2024-03-21 15:59:12.415","6"
"2024-03-21 16:00:14.546","2"
"2024-03-21 16:19:25.734","3"
"2024-03-21 16:19:32.749","6"
"2024-03-21 16:20:48.666","7"
"2024-03-21 16:20:55.688","2"
"2024-03-21 16:23:31.028","6"
"2024-03-21 16:26:03.395","7"
"2024-03-21 16:26:05.398","2"
"2024-03-21 16:27:36.089","6"
"2024-03-21 16:27:37.094","2"
"2024-03-21 16:27:38.103","6"
"2024-03-21 16:28:19.175","7"
"2024-03-21 16:28:27.193","2"
"2024-03-21 16:28:29.197","6"
"2024-03-21 16:28:48.236","7"
"2024-03-21 16:28:57.251","2"
"2024-03-21 16:44:26.356","3"
"2024-03-21 16:44:30.364","6"
"2024-03-21 16:45:11.451","7"
"2024-03-21 16:45:12.453","2"
"2024-03-21 16:46:30.176","3"
"2024-03-21 16:46:35.188","6"
"2024-03-21 16:48:30.477","7"
"2024-03-21 16:48:33.485","2"
"2024-03-21 16:49:21.264","3"
"2024-03-21 16:49:26.274","6"
"2024-03-21 16:49:41.317","7"
"2024-03-21 16:49:46.326","2"
"2024-03-21 16:50:06.362","7"
"2024-03-21 16:50:07.362","2"
"2024-03-21 16:50:49.468","3"
"2024-03-21 16:50:50.473","6"
"2024-03-21 16:51:02.495","7"
"2024-03-21 16:51:09.508","2"
"2024-03-21 16:53:19.262","6"
"2024-03-21 16:54:02.347","7"
"2024-03-21 16:54:07.356","2"
"2024-03-21 16:54:11.364","6"
"2024-03-21 16:54:41.597","7"
"2024-03-21 16:54:47.609","2"
"2024-03-21 16:55:34.289","6"
"2024-03-21 16:56:37.418","7"
"2024-03-21 16:56:44.434","2"
"2024-03-21 16:57:05.492","6"
"2024-03-21 16:58:09.619","7"
"2024-03-21 16:58:12.628","2"
"2024-03-21 17:01:50.501","6"
"2024-03-21 17:02:52.650","7"
"2024-03-21 17:02:56.661","2"
"2024-03-21 17:14:31.074","6"
"2024-03-21 17:15:32.254","7"
"2024-03-21 17:15:38.808","2"
"2024-03-21 17:15:58.658","6"
"2024-03-21 17:17:00.292","7"
"2024-03-21 17:17:06.804","2"
"2024-03-21 17:19:35.127","6"
"2024-03-21 17:20:35.933","2"
"2024-03-21 17:25:15.294","3"
"2024-03-21 17:25:16.796","6"
"2024-03-21 17:25:36.842","7"
"2024-03-21 17:25:39.845","2"
"2024-03-21 17:26:14.916","6"
"2024-03-21 17:27:16.042","7"
"2024-03-21 17:27:21.050","2"
"2024-03-21 17:28:45.097","6"
"2024-03-21 17:29:46.231","7"
"2024-03-21 17:29:49.238","2"
"2024-03-21 17:34:21.240","6"
"2024-03-21 17:35:16.360","7"
"2024-03-21 17:35:19.387","2"
"2024-03-21 17:36:06.102","6"
"2024-03-21 17:37:53.406","7"
"2024-03-21 17:38:02.428","2"
"2024-03-21 17:38:32.986","6"
"2024-03-21 17:38:48.022","7"
"2024-03-21 17:38:56.038","6"
"2024-03-21 17:39:35.132","7"
"2024-03-21 17:39:38.205","2"
"2024-03-21 17:51:32.324","3"
"2024-03-21 17:51:34.328","6"
"2024-03-21 17:51:35.330","2"
"2024-03-21 17:51:36.333","6"
"2024-03-21 17:51:44.365","7"
"2024-03-21 17:51:45.366","2"
"2024-03-21 17:53:04.520","3"
"2024-03-21 17:53:07.528","6"
"2024-03-21 17:54:17.662","7"
"2024-03-21 17:54:20.165","2"
"2024-03-21 17:55:07.263","3"
"2024-03-21 17:55:12.275","6"
"2024-03-21 17:57:27.198","7"
"2024-03-21 17:57:31.204","2"
"2024-03-21 18:36:02.591","3"
"2024-03-21 18:36:05.595","6"
"2024-03-21 18:41:27.384","7"
"2024-03-21 18:41:29.389","2"
"2024-03-21 18:43:13.292","3"
"2024-03-21 18:43:15.296","6"
"2024-03-21 18:46:05.725","7"
"2024-03-21 18:46:11.739","2"
"2024-03-21 18:46:29.775","6"
"2024-03-21 18:50:08.072","7"
"2024-03-21 18:50:12.093","2"
"2024-03-21 18:53:47.720","6"
"2024-03-21 18:57:05.116","7"
"2024-03-21 18:57:13.129","2"
"2024-03-21 18:57:47.196","6"
"2024-03-21 19:00:50.812","7"
"2024-03-21 19:00:56.823","2"
"2024-03-21 19:02:44.924","6"
"2024-03-21 19:04:17.214","7"
"2024-03-21 19:04:20.221","6"
"2024-03-21 19:04:44.766","7"
"2024-03-21 19:04:47.772","2"
"2024-03-21 19:08:19.849","3"
"2024-03-21 19:08:21.856","6"
"2024-03-21 19:08:39.891","7"
"2024-03-21 19:08:43.900","2"
"2024-03-21 19:08:50.912","3"
"2024-03-21 19:08:53.919","2"
"2024-03-21 19:09:46.026","3"
"2024-03-21 19:09:48.030","6"
"2024-03-21 19:13:18.808","7"
"2024-03-21 19:13:22.819","2"
"2024-03-21 19:13:43.045","6"
"2024-03-21 19:16:44.081","2"
"2024-03-21 19:17:11.129","3"
"2024-03-21 19:17:12.134","6"
"2024-03-21 19:20:22.044","7"
"2024-03-21 19:20:24.046","2"
"2024-03-21 19:21:00.121","3"
"2024-03-21 19:21:04.126","6"
"2024-03-21 19:21:37.201","7"
"2024-03-21 19:21:42.211","2"
"2024-03-21 19:21:47.224","3"
"2024-03-21 19:21:50.229","6"
"2024-03-21 19:21:59.753","2"
"2024-03-21 19:22:47.850","3"
"2024-03-21 19:22:49.854","6"
"2024-03-21 19:25:22.788","7"
"2024-03-21 19:25:31.809","2"
"2024-03-21 19:26:15.207","6"
"2024-03-21 19:28:41.103","7"
"2024-03-21 19:28:46.117","2"
"2024-03-21 19:29:02.846","6"
"2024-03-21 19:31:07.089","7"
"2024-03-21 19:31:17.108","2"
"2024-03-21 19:32:00.788","6"
"2024-03-21 19:34:44.887","7"
"2024-03-21 19:34:54.903","2"
"2024-03-21 19:35:42.225","6"
"2024-03-21 19:38:26.103","7"
"2024-03-21 19:38:36.117","2"
"2024-03-21 19:40:29.079","6"
"2024-03-21 19:42:10.376","7"
"2024-03-21 19:42:19.890","2"
"2024-03-21 19:43:04.996","6"
"2024-03-21 19:44:45.221","7"
"2024-03-21 19:44:54.303","2"
"2024-03-21 19:48:01.269","6"
"2024-03-21 19:49:40.120","7"
"2024-03-21 19:49:50.139","2"
"2024-03-21 19:50:45.253","6"
"2024-03-21 19:52:23.992","7"
"2024-03-21 19:52:30.006","2"
"2024-03-21 20:00:05.997","6"
"2024-03-21 20:01:46.217","7"
"2024-03-21 20:01:55.236","2"
"2024-03-21 20:07:13.377","6"
"2024-03-21 20:08:53.070","7"
"2024-03-21 20:09:02.091","2"
"2024-03-21 20:10:15.225","6"
"2024-03-21 20:11:54.960","7"
"2024-03-21 20:12:04.976","2"
"2024-03-21 20:14:12.268","6"
"2024-03-21 20:15:52.036","7"
"2024-03-21 20:15:57.052","2"
"2024-03-21 20:17:36.324","3"
"2024-03-21 20:17:37.326","6"
"2024-03-21 20:19:23.160","7"
"2024-03-21 20:19:26.170","2"
"2024-03-21 20:22:02.000","6"
"2024-03-21 20:23:48.202","7"
"2024-03-21 20:23:49.204","2"
"2024-03-21 20:24:36.298","3"
"2024-03-21 20:24:37.303","6"
"2024-03-21 20:28:04.219","7"
"2024-03-21 20:28:13.236","2"
"2024-03-21 20:30:30.127","3"
"2024-03-21 20:30:31.129","6"
"2024-03-21 20:33:48.167","7"
"2024-03-21 20:33:57.183","2"
"2024-03-21 20:34:38.264","6"
"2024-03-21 20:36:07.939","7"
"2024-03-21 20:36:16.955","2"
"2024-03-21 20:38:33.258","6"
"2024-03-21 20:41:55.379","7"
"2024-03-21 20:42:02.396","2"
"2024-03-21 20:47:00.038","6"
"2024-03-21 20:50:13.440","7"
"2024-03-21 20:50:21.956","2"
"2024-03-21 20:51:03.047","6"
"2024-03-21 20:52:30.225","7"
"2024-03-21 20:52:40.248","2"
"2024-03-21 20:53:43.375","6"
"2024-03-21 20:57:05.341","7"
"2024-03-21 20:57:15.375","2"
"2024-03-21 21:19:10.981","3"
"2024-03-21 21:19:13.487","6"
"2024-03-21 21:28:21.321","2"
"2024-03-21 21:29:06.997","6"
"2024-03-21 21:29:26.031","2"
"2024-03-21 21:42:19.281","3"
"2024-03-21 21:42:26.293","6"
"2024-03-21 21:42:30.312","2"
"2024-03-21 21:42:35.319","6"
"2024-03-21 21:43:00.374","7"
"2024-03-21 21:43:09.390","2"
"2024-03-21 21:43:41.462","6"
"2024-03-21 21:44:01.519","7"
"2024-03-21 21:44:06.029","2"
"2024-03-21 21:44:11.041","3"
"2024-03-21 21:44:14.044","2"
"2024-03-21 21:44:56.206","3"
"2024-03-21 21:44:58.209","6"
"2024-03-21 21:46:19.369","7"
"2024-03-21 21:46:27.386","2"
"2024-03-21 21:46:55.473","6"
"2024-03-21 21:50:16.439","7"
"2024-03-21 21:50:25.451","2"
"2024-03-21 21:51:21.110","6"
"2024-03-21 21:54:32.141","7"
"2024-03-21 21:54:42.164","2"
"2024-03-21 21:55:17.231","6"
"2024-03-21 21:56:44.407","7"
"2024-03-21 21:56:53.426","2"
"2024-03-21 21:57:48.039","6"
"2024-03-21 22:00:20.438","7"
"2024-03-21 22:00:29.458","2"
"2024-03-21 22:01:13.081","6"
"2024-03-21 22:03:38.136","7"
"2024-03-21 22:03:47.161","2"
"2024-03-21 22:04:54.310","6"
"2024-03-21 22:06:00.435","7"
"2024-03-21 22:06:09.453","2"
"2024-03-21 22:12:17.198","6"
"2024-03-21 22:14:49.040","7"
"2024-03-21 22:14:55.049","2"
"2024-03-21 22:20:58.393","6"
"2024-03-21 22:23:23.170","7"
"2024-03-21 22:23:26.177","2"
"2024-03-21 22:23:51.261","6"
"2024-03-21 22:24:57.411","7"
"2024-03-21 22:25:03.425","2"
"2024-03-21 22:25:25.486","6"
"2024-03-21 22:28:02.322","7"
"2024-03-21 22:28:03.421","2"
"2024-03-21 22:28:35.498","6"
"2024-03-21 22:31:00.352","7"
"2024-03-21 22:31:03.356","2"
"2024-03-21 22:32:20.119","6"
"2024-03-21 22:33:25.355","7"
"2024-03-21 22:33:35.373","2"
"2024-03-21 22:42:11.314","6"
"2024-03-21 22:44:44.176","7"
"2024-03-21 22:44:53.196","2"
"2024-03-21 22:45:57.497","3"
"2024-03-21 22:45:58.499","6"
"2024-03-21 22:48:23.404","7"
"2024-03-21 22:48:32.420","2"
"2024-03-21 22:49:33.099","6"
"2024-03-21 22:50:49.345","7"
"2024-03-21 22:50:51.360","6"
"2024-03-21 22:51:13.424","7"
"2024-03-21 22:51:17.433","2"
"2024-03-21 22:51:35.479","3"
"2024-03-21 22:51:40.488","6"
"2024-03-21 22:53:03.157","7"
"2024-03-21 22:53:05.159","2"
"2024-03-21 22:53:08.164","3"
"2024-03-21 22:53:11.169","2"
"2024-03-21 22:53:51.275","3"
"2024-03-21 22:53:53.279","6"
"2024-03-21 22:54:54.433","7"
"2024-03-21 22:54:58.436","2"
"2024-03-21 22:58:07.346","6"
"2024-03-21 22:59:46.067","7"
"2024-03-21 22:59:49.071","2"
"2024-03-21 22:59:50.072","6"
"2024-03-21 23:00:14.129","7"
"2024-03-21 23:00:19.139","2"
"2024-03-21 23:00:26.154","3"
"2024-03-21 23:00:29.156","6"
"2024-03-21 23:00:36.178","2"
"2024-03-21 23:10:43.327","3"
"2024-03-21 23:10:45.335","6"
"2024-03-21 23:13:24.180","7"
"2024-03-21 23:13:25.182","2"
"2024-03-21 23:19:44.234","6"
"2024-03-21 23:21:29.470","7"
"2024-03-21 23:21:37.483","2"
"2024-03-21 23:23:01.150","6"
"2024-03-21 23:24:41.104","7"
"2024-03-21 23:24:50.121","2"
"2024-03-21 23:26:06.388","6"
"2024-03-21 23:27:19.600","7"
"2024-03-21 23:27:26.115","2"
"2024-03-21 23:30:33.266","6"
"2024-03-21 23:33:51.219","7"
"2024-03-21 23:33:54.226","2"
"2024-03-21 23:34:18.340","6"
"2024-03-21 23:35:48.531","7"
"2024-03-21 23:35:54.544","2"
"2024-03-22 07:04:14.987","3"
"2024-03-22 07:04:15.990","6"
"2024-03-22 07:10:50.063","7"
"2024-03-22 07:10:55.073","2"
"2024-03-22 07:11:55.217","3"
"2024-03-22 07:11:59.730","6"
"2024-03-22 07:23:14.872","2"
"2024-03-22 07:27:22.029","3"
"2024-03-22 07:27:28.038","6"
"2024-03-22 07:28:03.119","7"
"2024-03-22 07:28:04.121","2"
"2024-03-22 07:29:14.762","3"
"2024-03-22 07:29:20.274","6"
"2024-03-22 07:30:46.983","7"
"2024-03-22 07:30:54.997","2"
"2024-03-22 07:31:29.691","6"
"2024-03-22 07:32:36.847","7"
"2024-03-22 07:32:42.861","2"
"2024-03-22 07:33:25.614","6"
"2024-03-22 07:34:48.604","7"
"2024-03-22 07:34:54.619","2"
"2024-03-22 07:35:38.700","3"
"2024-03-22 07:35:39.705","6"
"2024-03-22 07:38:23.842","7"
"2024-03-22 07:38:29.856","2"
"2024-03-22 07:39:11.600","6"
"2024-03-22 07:41:56.573","7"
"2024-03-22 07:42:01.597","2"
"2024-03-22 07:42:45.812","6"
"2024-03-22 07:43:51.955","7"
"2024-03-22 07:43:57.967","2"
"2024-03-22 07:44:27.515","6"
"2024-03-22 07:46:52.665","7"
"2024-03-22 07:47:01.679","2"
"2024-03-22 07:50:45.796","6"
"2024-03-22 07:54:21.874","7"
"2024-03-22 07:54:29.887","2"
"2024-03-22 07:55:39.776","6"
"2024-03-22 08:00:02.861","7"
"2024-03-22 08:00:11.877","2"
"2024-03-22 08:04:47.587","3"
"2024-03-22 08:04:48.589","6"
"2024-03-22 08:05:54.784","7"
"2024-03-22 08:06:03.802","2"
"2024-03-22 08:06:52.589","6"
"2024-03-22 08:14:05.971","7"
"2024-03-22 08:14:15.008","2"
"2024-03-22 08:15:31.000","6"
"2024-03-22 08:18:17.073","7"
"2024-03-22 08:18:27.093","2"
"2024-03-22 08:27:14.223","3"
"2024-03-22 08:27:19.233","6"
"2024-03-22 08:27:53.319","7"
"2024-03-22 08:27:55.322","2"
"2024-03-22 08:28:52.431","3"
"2024-03-22 08:28:57.441","6"
"2024-03-22 08:29:43.287","7"
"2024-03-22 08:29:51.319","2"
"2024-03-22 08:30:28.154","6"
"2024-03-22 08:31:51.507","7"
"2024-03-22 08:31:59.536","2"
"2024-03-22 08:32:26.090","6"
"2024-03-22 08:36:59.455","7"
"2024-03-22 08:37:06.476","2"
"2024-03-22 08:37:46.073","6"
"2024-03-22 08:40:23.426","7"
"2024-03-22 08:40:32.440","2"
"2024-03-22 08:40:53.581","6"
"2024-03-22 08:45:32.159","7"
"2024-03-22 08:45:38.169","2"
"2024-03-22 08:46:19.916","6"
"2024-03-22 09:05:29.117","7"
"2024-03-22 09:05:38.141","2"
"2024-03-22 09:06:20.988","6"
"2024-03-22 09:08:22.795","7"
"2024-03-22 09:08:31.821","2"
"2024-03-22 09:14:25.231","6"
"2024-03-22 09:16:24.084","7"
"2024-03-22 09:16:29.095","2"
"2024-03-22 09:16:56.139","6"
"2024-03-22 09:21:03.763","7"
"2024-03-22 09:21:10.781","2"
"2024-03-22 09:21:13.785","6"
"2024-03-22 09:24:25.193","7"
"2024-03-22 09:24:31.208","2"
"2024-03-22 12:43:18.783","2"
"2024-03-22 14:06:42.585","2"
"2024-03-23 07:17:40.577","2"
"2024-03-23 07:47:02.499","2"
"2024-03-23 08:03:37.463","2"
"2024-03-23 12:18:58.182","2"
"2024-03-24 06:37:53.991","2"
"2024-03-24 08:05:11.749","2"
