"t_stamp","motors/motor3/temperature"
"2024-03-12 14:45:29.524","29.45365019289446"
"2024-03-12 14:50:29.524","29.36739625680205"
"2024-03-12 14:55:29.524","29.290050761323787"
"2024-03-12 15:00:29.524","29.185367674637316"
"2024-03-12 15:05:29.524","29.08749624302563"
"2024-03-12 15:10:29.524","29.072222837079636"
"2024-03-12 15:15:29.524","29.088325844135717"
"2024-03-12 15:20:29.524","29.10632903346543"
"2024-03-12 15:25:29.524","29.146564816790303"
"2024-03-12 15:30:29.524","29.148644742790502"
"2024-03-12 15:35:29.524","29.123954966853617"
"2024-03-12 15:40:29.524","29.054980756825508"
"2024-03-12 15:45:29.524","28.9777211672066"
"2024-03-12 15:50:29.524","28.918457141222618"
"2024-03-12 15:55:29.524","28.82141808234781"
"2024-03-12 16:00:29.524","28.731870530747045"
"2024-03-12 16:05:29.524","28.646427410245558"
"2024-03-12 16:10:29.524","28.603494216799856"
"2024-03-12 16:15:29.524","28.52679947384424"
"2024-03-12 16:20:29.524","28.46229954246772"
"2024-03-12 16:25:29.524","28.428688583241282"
"2024-03-12 16:30:29.524","28.391644243969957"
"2024-03-12 16:35:29.524","28.318834937087566"
"2024-03-12 16:40:29.524","28.25548279553811"
"2024-03-12 16:45:29.524","28.146888595238476"
"2024-03-12 16:50:29.524","28.048193412977604"
"2024-03-12 16:55:29.524","27.98770688725328"
"2024-03-12 17:00:29.524","27.933058157909105"
"2024-03-12 17:05:29.524","27.881134573243983"
"2024-03-12 17:10:29.524","27.822179142878817"
"2024-03-12 17:15:29.524","27.777789281913087"
"2024-03-12 17:20:29.524","27.746870253386614"
"2024-03-12 17:25:29.524","27.720598606644963"
"2024-03-12 17:30:29.524","27.693517169363098"
"2024-03-12 17:35:29.524","27.64461143176203"
"2024-03-12 17:40:29.524","27.57003305040787"
"2024-03-12 17:45:29.524","27.543421147018314"
"2024-03-12 17:50:29.524","27.509970204566496"
"2024-03-12 17:55:29.524","27.46642627930422"
"2024-03-12 18:00:29.524","27.42892892706541"
"2024-03-12 18:05:29.524","27.36570431696554"
"2024-03-12 18:10:29.524","27.313293368522377"
"2024-03-12 18:15:29.524","27.26850139144338"
"2024-03-12 18:20:29.524","27.210303409619076"
"2024-03-12 18:25:29.524","27.146425714024225"
"2024-03-12 18:30:29.524","27.094765139757815"
"2024-03-12 18:35:29.524","27.06163993908744"
"2024-03-12 18:40:29.524","27.000762760019537"
"2024-03-12 18:45:29.524","26.95259330034477"
"2024-03-12 18:50:29.524","26.89084094829002"
"2024-03-12 18:55:29.524","26.868423431691664"
"2024-03-12 19:00:29.524","26.86297231030338"
"2024-03-12 19:05:29.524","26.851548786418707"
"2024-03-12 19:10:29.524","26.848717200368576"
"2024-03-12 19:15:29.524","26.831055111294866"
"2024-03-12 19:20:29.524","26.794933502792873"
"2024-03-12 19:25:29.524","26.75994631383955"
"2024-03-12 19:30:29.524","26.721772469630075"
"2024-03-12 19:35:29.524","26.67343167406699"
"2024-03-12 19:40:29.524","26.657489902441995"
"2024-03-12 19:45:29.524","26.66364981799066"
"2024-03-12 19:50:29.524","26.733331819250306"
"2024-03-12 19:55:29.524","26.88434383315874"
"2024-03-12 20:00:29.524","27.094225317355594"
"2024-03-12 20:05:29.524","27.2295370064602"
"2024-03-12 20:10:29.524","27.421166560471534"
"2024-03-12 20:15:29.524","27.59776248513134"
"2024-03-12 20:20:29.524","27.73504624143281"
"2024-03-12 20:25:29.524","27.842432048996777"
"2024-03-12 20:30:29.524","27.949112831823022"
"2024-03-12 20:35:29.524","28.049468214139083"
"2024-03-12 20:40:29.524","28.13682889528197"
"2024-03-12 20:45:29.524","28.220229837555156"
"2024-03-12 20:50:29.524","28.304464789139367"
"2024-03-12 20:55:29.524","28.39985445373533"
"2024-03-12 21:00:29.524","28.452034463977498"
"2024-03-12 21:05:29.524","28.46551542608065"
"2024-03-12 21:10:29.524","28.447024229286598"
"2024-03-12 21:15:29.524","28.364090454527695"
"2024-03-12 21:20:29.524","28.289157568347157"
"2024-03-12 21:25:29.524","28.22440832263744"
"2024-03-12 21:30:29.524","28.193729623734793"
"2024-03-12 21:35:29.524","28.152817226621657"
"2024-03-12 21:40:29.524","28.10771230347045"
"2024-03-12 21:45:29.524","28.09640998608487"
"2024-03-12 21:50:29.524","28.072602596931244"
"2024-03-12 21:55:29.524","28.035643670346076"
"2024-03-12 22:00:29.524","28.017381430457977"
"2024-03-12 22:05:29.524","27.96825221972343"
"2024-03-12 22:10:29.524","27.945209683715344"
"2024-03-12 22:15:29.524","27.916341629952672"
"2024-03-12 22:20:29.524","27.850202677081402"
"2024-03-12 22:25:29.524","27.854023608435664"
"2024-03-12 22:30:29.524","27.93394426206166"
"2024-03-12 22:35:29.524","28.054298657870905"
"2024-03-12 22:40:29.524","28.220852903799937"
"2024-03-12 22:45:29.524","28.369267828138604"
"2024-03-12 22:50:29.524","28.527654085878552"
"2024-03-12 22:55:29.524","28.664250389690984"
"2024-03-12 23:00:29.524","28.762141197006407"
"2024-03-12 23:05:29.524","28.870419162366517"
"2024-03-12 23:10:29.524","29.010859179400327"
"2024-03-12 23:15:29.524","29.143471366394277"
"2024-03-12 23:20:29.524","29.26068365877436"
"2024-03-12 23:25:29.524","29.34806121200861"
"2024-03-12 23:30:29.524","29.445050486637196"
"2024-03-12 23:35:29.524","29.518402301428722"
"2024-03-12 23:40:29.524","29.547130354572822"
"2024-03-12 23:45:29.524","29.484639243110067"
"2024-03-12 23:50:29.524","29.41654082236223"
"2024-03-12 23:55:29.524","29.33757579852373"
"2024-03-13 00:00:29.524","29.238698889543667"
"2024-03-13 00:05:29.524","29.130130924796077"
"2024-03-13 00:10:29.524","29.01788948665311"
"2024-03-13 00:15:29.524","28.92066246686332"
"2024-03-13 00:20:29.524","28.831490447190383"
"2024-03-13 00:25:29.524","28.731352636572236"
"2024-03-13 00:30:29.524","28.648812545772692"
"2024-03-13 00:35:29.524","28.55159193839643"
"2024-03-13 00:40:29.524","28.44923371621562"
"2024-03-13 00:45:29.524","28.34166166488919"
"2024-03-13 00:50:29.524","28.27294326532571"
"2024-03-13 00:55:29.524","28.180972728525187"
"2024-03-13 01:00:29.524","28.098842619018065"
"2024-03-13 01:05:29.524","27.998739638632404"
"2024-03-13 01:10:29.524","27.933495398573374"
"2024-03-13 01:15:29.524","27.852850885204717"
"2024-03-13 01:20:29.524","27.7664978378961"
"2024-03-13 01:25:29.524","27.679088294392916"
"2024-03-13 01:30:29.524","27.599437765506035"
"2024-03-13 01:35:29.524","27.537496722341682"
"2024-03-13 01:40:29.524","27.48355411059832"
"2024-03-13 01:45:29.524","27.406028970748938"
"2024-03-13 01:50:29.524","27.32936331022158"
"2024-03-13 01:55:29.524","27.269168687905275"
"2024-03-13 02:00:29.524","27.21845221379965"
"2024-03-13 02:05:29.524","27.138729671567514"
"2024-03-13 02:10:29.524","27.05886465715146"
"2024-03-13 02:15:29.524","27.007457917529145"
"2024-03-13 02:20:29.524","26.950387450629876"
"2024-03-13 02:25:29.524","26.859822937723575"
"2024-03-13 02:30:29.524","26.819236829998374"
"2024-03-13 02:35:29.524","26.735205809703913"
"2024-03-13 02:40:29.524","26.66920744197085"
"2024-03-13 02:45:29.524","26.595625709950614"
"2024-03-13 02:50:29.524","26.53520583595015"
"2024-03-13 02:55:29.524","26.481790899324853"
"2024-03-13 03:00:29.524","26.450010168304026"
"2024-03-13 03:05:29.524","26.40577789127272"
"2024-03-13 03:10:29.524","26.372181908936955"
"2024-03-13 03:15:29.524","26.34191389014143"
"2024-03-13 03:20:29.524","26.31966529466023"
"2024-03-13 03:25:29.524","26.27666759307636"
"2024-03-13 03:30:29.524","26.23802930184973"
"2024-03-13 03:35:29.524","26.20282873113876"
"2024-03-13 03:40:29.524","26.16934897091518"
"2024-03-13 03:45:29.524","26.14186620602432"
"2024-03-13 03:50:29.524","26.109777081017672"
"2024-03-13 03:55:29.524","26.076513236464024"
"2024-03-13 04:00:29.524","26.043458213964158"
"2024-03-13 04:05:29.524","26.023221250065987"
"2024-03-13 04:10:29.524","25.987045518085186"
"2024-03-13 04:15:29.524","25.952613642330395"
"2024-03-13 04:20:29.524","25.914677020430435"
"2024-03-13 04:25:29.524","25.886543202006358"
"2024-03-13 04:30:29.524","25.86242093266464"
"2024-03-13 04:35:29.524","25.834068933431034"
"2024-03-13 04:40:29.524","25.81585650044155"
"2024-03-13 04:45:29.524","25.794582796950234"
"2024-03-13 04:50:29.524","25.765771302604048"
"2024-03-13 04:55:29.524","25.741389086031738"
"2024-03-13 05:00:29.524","25.7162170402446"
"2024-03-13 05:05:29.524","25.698480732921535"
"2024-03-13 05:10:29.524","25.67701384006254"
"2024-03-13 05:15:29.524","25.670384854521494"
"2024-03-13 05:20:29.524","25.652033364188178"
"2024-03-13 05:25:29.524","25.636558469055114"
"2024-03-13 05:30:29.524","25.61394842510351"
"2024-03-13 05:35:29.524","25.602258074555138"
"2024-03-13 05:40:29.524","25.5802984594082"
"2024-03-13 05:45:29.524","25.568703180221423"
"2024-03-13 05:50:29.524","25.544564339305015"
"2024-03-13 05:55:29.524","25.52137220717768"
"2024-03-13 06:00:29.524","25.47834257721352"
"2024-03-13 06:05:29.524","25.461373492501405"
"2024-03-13 06:10:29.524","25.422942161709607"
"2024-03-13 06:15:29.524","25.401922081891527"
"2024-03-13 06:20:29.524","25.378211166897525"
"2024-03-13 06:25:29.524","25.35395631548024"
"2024-03-13 06:30:29.524","25.330719720401294"
"2024-03-13 06:35:29.524","25.30192295764354"
"2024-03-13 06:40:29.524","25.273593108841848"
"2024-03-13 06:45:29.524","25.25158626396775"
"2024-03-13 06:50:29.524","25.23350852531013"
"2024-03-13 06:55:29.524","25.20462412474562"
"2024-03-13 07:00:29.524","25.19483796921088"
"2024-03-13 07:05:29.524","25.171593235413162"
"2024-03-13 07:10:29.524","25.14496228867964"
"2024-03-13 07:15:29.524","25.12122736029153"
"2024-03-13 07:20:29.524","25.10673075538484"
"2024-03-13 07:25:29.524","25.09088067877096"
"2024-03-13 07:30:29.524","25.064921435661812"
"2024-03-13 07:35:29.524","25.03869874197863"
"2024-03-13 07:40:29.524","25.086188971973662"
"2024-03-13 07:45:29.524","25.20422473360325"
"2024-03-13 07:50:29.524","25.344846213970307"
"2024-03-13 07:55:29.524","25.454404200346474"
"2024-03-13 08:00:29.524","25.520072327264515"
"2024-03-13 08:05:29.524","25.558848274181493"
"2024-03-13 08:10:29.524","25.595681147714256"
"2024-03-13 08:15:29.524","25.64394847284423"
"2024-03-13 08:20:29.524","25.725639666719182"
"2024-03-13 08:25:29.524","25.785646599814562"
"2024-03-13 08:30:29.524","25.89092261482391"
"2024-03-13 08:35:29.524","25.95253037217627"
"2024-03-13 08:40:29.524","25.992964186986864"
"2024-03-13 08:45:29.524","25.998073390816806"
"2024-03-13 08:50:29.524","26.005342654330228"
"2024-03-13 08:55:29.524","25.967772483942237"
"2024-03-13 09:00:29.524","25.955706576806115"
"2024-03-13 09:05:29.524","25.934773062678047"
"2024-03-13 09:10:29.524","25.91878327113477"
"2024-03-13 09:15:29.524","25.895456111542877"
"2024-03-13 09:20:29.524","25.876394884295124"
"2024-03-13 09:25:29.524","25.84082876572056"
"2024-03-13 09:30:29.524","25.80072909246489"
"2024-03-13 09:35:29.524","25.78257694616925"
"2024-03-13 09:40:29.524","25.735608714959085"
"2024-03-13 09:45:29.524","25.717017554891445"
"2024-03-13 09:50:29.524","25.682302924544356"
"2024-03-13 09:55:29.524","25.65606689857173"
"2024-03-13 10:00:29.524","25.636465302203057"
"2024-03-13 10:05:29.524","25.5811631584115"
"2024-03-13 10:10:29.524","25.558335905065125"
"2024-03-13 10:15:29.524","25.528837590685228"
"2024-03-13 10:20:29.524","25.506282717790853"
"2024-03-13 10:25:29.524","25.465169127012516"
"2024-03-13 10:30:29.524","25.442269628485917"
"2024-03-13 10:35:29.524","25.420009231384636"
"2024-03-13 10:40:29.524","25.391384561665824"
"2024-03-13 10:45:29.524","25.38412490465852"
"2024-03-13 10:50:29.524","25.368426475426737"
"2024-03-13 10:55:29.524","25.33324756850859"
"2024-03-13 11:00:29.524","25.310645158282156"
"2024-03-13 11:05:29.524","25.28732205752015"
"2024-03-13 11:10:29.524","25.23159817391884"
"2024-03-13 11:15:29.524","25.198992815547353"
"2024-03-13 11:20:29.524","25.20800739267448"
"2024-03-13 11:25:29.524","25.227192152997574"
"2024-03-13 11:30:29.524","25.271234887469166"
"2024-03-13 11:35:29.524","25.296118312110007"
"2024-03-13 11:40:29.524","25.31616204297933"
"2024-03-13 11:45:29.524","25.32383465265708"
"2024-03-13 11:50:29.524","25.328923142654375"
"2024-03-13 11:55:29.524","25.31535053135534"
"2024-03-13 12:00:29.524","25.306284758335124"
"2024-03-13 12:05:29.524","25.376798261201202"
"2024-03-13 12:10:29.524","25.524534310173923"
"2024-03-13 12:15:29.524","25.714518796532353"
"2024-03-13 12:20:29.524","25.801363320856627"
"2024-03-13 12:25:29.524","25.844351383932448"
"2024-03-13 12:30:29.524","25.87419998884415"
"2024-03-13 12:35:29.524","25.891721153212533"
"2024-03-13 12:40:29.524","25.895296381119284"
"2024-03-13 12:45:29.524","25.89234485390756"
"2024-03-13 12:50:29.524","25.864474713176993"
"2024-03-13 12:55:29.524","25.832077096868556"
"2024-03-13 13:00:29.524","25.800690671517827"
"2024-03-13 13:05:29.524","25.782337651215585"
"2024-03-13 13:10:29.524","25.780937604597952"
"2024-03-13 13:15:29.524","25.755114594060508"
"2024-03-13 13:20:29.524","25.727150866923925"
"2024-03-13 13:25:29.524","25.709160540962948"
"2024-03-13 13:30:29.524","25.672424895416427"
"2024-03-13 13:35:29.524","25.64095520174351"
"2024-03-13 13:40:29.524","25.608052770187477"
"2024-03-13 13:45:29.524","25.599798214094445"
"2024-03-13 13:50:29.524","25.600443589802225"
"2024-03-13 13:55:29.524","25.612802575548375"
"2024-03-13 14:00:29.524","25.607171615405374"
"2024-03-13 14:05:29.524","25.61443130284105"
"2024-03-13 14:10:29.524","25.707399352672994"
"2024-03-13 14:15:29.524","25.910042423580126"
"2024-03-13 14:20:29.524","26.172083999347844"
"2024-03-13 14:25:29.524","26.518649673757846"
"2024-03-13 14:30:29.524","27.04856315445023"
"2024-03-13 14:35:29.524","27.407417036525082"
"2024-03-13 14:40:29.524","27.60626382498374"
"2024-03-13 14:45:29.524","27.951475962276533"
"2024-03-13 14:50:29.524","28.18598051020258"
"2024-03-13 14:55:29.524","28.288531429968366"
"2024-03-13 15:00:29.524","28.3348522498068"
"2024-03-13 15:05:29.524","28.34131119434429"
"2024-03-13 15:10:29.524","28.33454154577599"
"2024-03-13 15:15:29.524","28.299510591083973"
"2024-03-13 15:20:29.524","28.262907009273736"
"2024-03-13 15:25:29.524","28.20145980345236"
"2024-03-13 15:30:29.524","28.14419379276208"
"2024-03-13 15:35:29.524","28.06700273323499"
"2024-03-13 15:40:29.524","27.996132053098908"
"2024-03-13 15:45:29.524","27.895816507352837"
"2024-03-13 15:50:29.524","27.78468624685161"
"2024-03-13 15:55:29.524","27.758290124776767"
"2024-03-13 16:00:29.524","27.91074721846135"
"2024-03-13 16:05:29.524","28.152247575493366"
"2024-03-13 16:10:29.524","28.313351059734593"
"2024-03-13 16:15:29.524","28.359115526565166"
"2024-03-13 16:20:29.524","28.41429884460378"
"2024-03-13 16:25:29.524","28.5776786784829"
"2024-03-13 16:30:29.524","28.844483441467236"
"2024-03-13 16:35:29.524","29.135613010471307"
"2024-03-13 16:40:29.524","29.219804917507734"
"2024-03-13 16:45:29.524","29.240963730725372"
"2024-03-13 16:50:29.524","29.240068175542433"
"2024-03-13 16:55:29.524","29.244391588033828"
"2024-03-13 17:00:29.524","29.690944335611366"
"2024-03-13 17:05:29.524","30.183585414358078"
"2024-03-13 17:10:29.524","30.353645967699432"
"2024-03-13 17:15:29.524","30.374967487883158"
"2024-03-13 17:20:29.524","30.454195835468767"
"2024-03-13 17:25:29.524","30.642016920721357"
"2024-03-13 17:30:29.524","30.920553308781052"
"2024-03-13 17:35:29.524","31.260308199235922"
"2024-03-13 17:40:29.524","31.554084607812836"
"2024-03-13 17:45:29.524","31.70291501754108"
"2024-03-13 17:50:29.524","31.71503535798005"
"2024-03-13 17:55:29.524","31.6044179668956"
"2024-03-13 18:00:29.524","31.477922844825446"
"2024-03-13 18:05:29.524","31.320058919948945"
"2024-03-13 18:10:29.524","31.14023525531168"
"2024-03-13 18:15:29.524","30.9434025784752"
"2024-03-13 18:20:29.524","30.78844264499863"
"2024-03-13 18:25:29.524","30.62291421171223"
"2024-03-13 18:30:29.524","30.50825488928416"
"2024-03-13 18:35:29.524","30.322091541623752"
"2024-03-13 18:40:29.524","30.202997210001836"
"2024-03-13 18:45:29.524","30.10238822010514"
"2024-03-13 18:50:29.524","29.937698506353662"
"2024-03-13 18:55:29.524","29.839417998180746"
"2024-03-13 19:00:29.524","29.7381388761574"
"2024-03-13 19:05:29.524","29.671676064866766"
"2024-03-13 19:10:29.524","29.571893572220162"
"2024-03-13 19:15:29.524","29.60426922959017"
"2024-03-13 19:20:29.524","29.766643161634164"
"2024-03-13 19:25:29.524","30.066816087439513"
"2024-03-13 19:30:29.524","30.50358234079088"
"2024-03-13 19:35:29.524","30.789885813119554"
"2024-03-13 19:40:29.524","31.00638133871191"
"2024-03-13 19:45:29.524","31.198319022659575"
"2024-03-13 19:50:29.524","31.126638008585015"
"2024-03-13 19:55:29.524","31.23669849367309"
"2024-03-13 20:00:29.524","31.569417229941735"
"2024-03-13 20:05:29.524","31.589943572234272"
"2024-03-13 20:10:29.524","31.43652471614212"
"2024-03-13 20:15:29.524","31.514072466641522"
"2024-03-13 20:20:29.524","31.83136767113824"
"2024-03-13 20:25:29.524","31.88540047689665"
"2024-03-13 20:30:29.524","31.911778378393773"
"2024-03-13 20:35:29.524","32.15556974653943"
"2024-03-13 20:40:29.524","32.45511650985511"
"2024-03-13 20:45:29.524","32.70275315605837"
"2024-03-13 20:50:29.524","32.78951614282418"
"2024-03-13 20:55:29.524","32.79219110395222"
"2024-03-13 21:00:29.524","32.728758732797026"
"2024-03-13 21:05:29.524","32.62923258846117"
"2024-03-13 21:10:29.524","32.49379315794416"
"2024-03-13 21:15:29.524","32.27734451007492"
"2024-03-13 21:20:29.524","32.118824788462696"
"2024-03-13 21:25:29.524","32.01873822324974"
"2024-03-13 21:30:29.524","31.923466505264837"
"2024-03-13 21:35:29.524","31.99356333220989"
"2024-03-13 21:40:29.524","31.92128999045157"
"2024-03-13 21:45:29.524","31.720198492503517"
"2024-03-13 21:50:29.524","31.638215965184067"
"2024-03-13 21:55:29.524","31.601671091530353"
"2024-03-13 22:00:29.524","31.472474717499413"
"2024-03-13 22:05:29.524","31.358735437647475"
"2024-03-13 22:10:29.524","31.375595762469565"
"2024-03-13 22:15:29.524","31.453345360189665"
"2024-03-13 22:20:29.524","31.638940075858155"
"2024-03-13 22:25:29.524","31.965408678472365"
"2024-03-13 22:30:29.524","31.92086390827826"
"2024-03-13 22:35:29.524","31.84382369147062"
"2024-03-13 22:40:29.524","31.740723707859402"
"2024-03-13 22:45:29.524","31.939319845242654"
"2024-03-13 22:50:29.524","32.195815634211826"
"2024-03-13 22:55:29.524","32.360370365499406"
"2024-03-13 23:00:29.524","32.35243933582882"
"2024-03-13 23:05:29.524","32.490027504346514"
"2024-03-13 23:10:29.524","32.69036947566618"
"2024-03-13 23:15:29.524","32.737353614678035"
"2024-03-13 23:20:29.524","32.87640503351685"
"2024-03-13 23:25:29.524","33.052152599303675"
"2024-03-13 23:30:29.524","32.96813303600821"
"2024-03-13 23:35:29.524","32.936791748450915"
"2024-03-13 23:40:29.524","32.784328927992036"
"2024-03-13 23:45:29.524","32.60278005259281"
"2024-03-13 23:50:29.524","32.415545218194005"
"2024-03-13 23:55:29.524","32.21584225310586"
"2024-03-14 00:00:29.524","32.00674657276267"
"2024-03-14 00:05:29.524","31.836750697959975"
"2024-03-14 00:10:29.524","31.649771085267112"
"2024-03-14 00:15:29.524","31.446018267000948"
"2024-03-14 00:20:29.524","31.24342769249391"
"2024-03-14 00:25:29.524","31.053595519983705"
"2024-03-14 00:30:29.524","30.85823991257645"
"2024-03-14 00:35:29.524","30.67599724801806"
"2024-03-14 00:40:29.524","30.48520202788394"
"2024-03-14 00:45:29.524","30.32047703338289"
"2024-03-14 00:50:29.524","30.15788524677146"
"2024-03-14 00:55:29.524","30.016433813784158"
"2024-03-14 01:00:29.524","29.861830293510693"
"2024-03-14 01:05:29.524","29.730902496046358"
"2024-03-14 01:10:29.524","29.551679958164154"
"2024-03-14 01:15:29.524","29.395093840103716"
"2024-03-14 01:20:29.524","29.241035907298585"
"2024-03-14 01:25:29.524","29.128255665994555"
"2024-03-14 01:30:29.524","28.989045611084588"
"2024-03-14 01:35:29.524","28.887282169269717"
"2024-03-14 01:40:29.524","28.760935389223114"
"2024-03-14 01:45:29.524","28.606407648003568"
"2024-03-14 01:50:29.524","28.462616105571733"
"2024-03-14 01:55:29.524","28.36644032465006"
"2024-03-14 02:00:29.524","28.24583238112183"
"2024-03-14 02:05:29.524","28.14964207619673"
"2024-03-14 02:10:29.524","28.031571358420823"
"2024-03-14 02:15:29.524","27.923373554696585"
"2024-03-14 02:20:29.524","27.831428661852886"
"2024-03-14 02:25:29.524","27.705395214165886"
"2024-03-14 02:30:29.524","27.622708525314295"
"2024-03-14 02:35:29.524","27.505183844765458"
"2024-03-14 02:40:29.524","27.446006675034127"
"2024-03-14 02:45:29.524","27.342190880991392"
"2024-03-14 02:50:29.524","27.259849087647037"
"2024-03-14 02:55:29.524","27.150704745489474"
"2024-03-14 03:00:29.524","27.067347105851876"
"2024-03-14 03:05:29.524","26.977466356786028"
"2024-03-14 03:10:29.524","26.914068071072197"
"2024-03-14 03:15:29.524","26.83945387673869"
"2024-03-14 03:20:29.524","26.7604410227083"
"2024-03-14 03:25:29.524","26.696594928118646"
"2024-03-14 03:30:29.524","26.600344447140806"
"2024-03-14 03:35:29.524","26.52008799415953"
"2024-03-14 03:40:29.524","26.45140461541248"
"2024-03-14 03:45:29.524","26.399771897659747"
"2024-03-14 03:50:29.524","26.333944564130213"
"2024-03-14 03:55:29.524","26.278129768153565"
"2024-03-14 04:00:29.524","26.233300719679935"
"2024-03-14 04:05:29.524","26.217628664190308"
"2024-03-14 04:10:29.524","26.215890946182192"
"2024-03-14 04:15:29.524","26.183182757293938"
"2024-03-14 04:20:29.524","26.161719950748783"
"2024-03-14 04:25:29.524","26.121630050751726"
"2024-03-14 04:30:29.524","26.097874649437653"
"2024-03-14 04:35:29.524","26.038852853799217"
"2024-03-14 04:40:29.524","26.020064222259254"
"2024-03-14 04:45:29.524","25.977761233673554"
"2024-03-14 04:50:29.524","25.91735197911572"
"2024-03-14 04:55:29.524","25.886318826988965"
"2024-03-14 05:00:29.524","25.85961824555585"
"2024-03-14 05:05:29.524","25.836399516340652"
"2024-03-14 05:10:29.524","25.801484934359816"
"2024-03-14 05:15:29.524","25.762116016339462"
"2024-03-14 05:20:29.524","25.721805659396395"
"2024-03-14 05:25:29.524","25.65470056720562"
"2024-03-14 05:30:29.524","25.59674299042997"
"2024-03-14 05:35:29.524","25.556027712691844"
"2024-03-14 05:40:29.524","25.524873833909293"
"2024-03-14 05:45:29.524","25.475682569584617"
"2024-03-14 05:50:29.524","25.440475049083197"
"2024-03-14 05:55:29.524","25.406477322427733"
"2024-03-14 06:00:29.524","25.359136990832535"
"2024-03-14 06:05:29.524","25.328411905799975"
"2024-03-14 06:10:29.524","25.29433728847715"
"2024-03-14 06:15:29.524","25.247084485895407"
"2024-03-14 06:20:29.524","25.225041481630033"
"2024-03-14 06:25:29.524","25.20281041392861"
"2024-03-14 06:30:29.524","25.154649126655038"
"2024-03-14 06:35:29.524","25.15398414774077"
"2024-03-14 06:40:29.524","25.13509142646183"
"2024-03-14 06:45:29.524","25.120262386578656"
"2024-03-14 06:50:29.524","25.101754482950614"
"2024-03-14 06:55:29.524","25.0788573576586"
"2024-03-14 07:00:29.524","25.060513619917735"
"2024-03-14 07:05:29.524","25.02845263000037"
"2024-03-14 07:10:29.524","25.036821029520183"
"2024-03-14 07:15:29.524","25.034653382779045"
"2024-03-14 07:20:29.524","25.05755416366995"
"2024-03-14 07:25:29.524","25.155688854890048"
"2024-03-14 07:30:29.524","25.282488223349286"
"2024-03-14 07:35:29.524","25.530945053710646"
"2024-03-14 07:40:29.524","25.72660723597216"
"2024-03-14 07:45:29.524","25.897015896215336"
"2024-03-14 07:50:29.524","26.02318682776802"
"2024-03-14 07:55:29.524","26.102523807521433"
"2024-03-14 08:00:29.524","26.155668086782452"
"2024-03-14 08:05:29.524","26.183327569100502"
"2024-03-14 08:10:29.524","26.18838442554038"
"2024-03-14 08:15:29.524","26.19831255079877"
"2024-03-14 08:20:29.524","26.17295176304894"
"2024-03-14 08:25:29.524","26.13684613890353"
"2024-03-14 08:30:29.524","26.125104358261503"
"2024-03-14 08:35:29.524","26.111912340318916"
"2024-03-14 08:40:29.524","26.073715272745922"
"2024-03-14 08:45:29.524","26.08631238804045"
"2024-03-14 08:50:29.524","26.161151397759223"
"2024-03-14 08:55:29.524","26.291787478102247"
"2024-03-14 09:00:29.524","26.358366172990532"
"2024-03-14 09:05:29.524","26.445647929182975"
"2024-03-14 09:10:29.524","26.63464130525261"
"2024-03-14 09:15:29.524","26.83262008474401"
"2024-03-14 09:20:29.524","26.973365460840455"
"2024-03-14 09:25:29.524","27.084945086423986"
"2024-03-14 09:30:29.524","27.115422764883288"
"2024-03-14 09:35:29.524","27.135570242178883"
"2024-03-14 09:40:29.524","27.13075390942266"
"2024-03-14 09:45:29.524","27.10393600808742"
"2024-03-14 09:50:29.524","27.05026253401938"
"2024-03-14 09:55:29.524","27.007499694074724"
"2024-03-14 10:00:29.524","27.03588096947403"
"2024-03-14 10:05:29.524","27.146889767531462"
"2024-03-14 10:10:29.524","27.28016723497591"
"2024-03-14 10:15:29.524","27.38663805266214"
"2024-03-14 10:20:29.524","27.404611924445664"
"2024-03-14 10:25:29.524","27.423943591149595"
"2024-03-14 10:30:29.524","27.419182712767004"
"2024-03-14 10:35:29.524","27.39353275153709"
"2024-03-14 10:40:29.524","27.354984918300083"
"2024-03-14 10:45:29.524","27.30366672681286"
"2024-03-14 10:50:29.524","27.268237614268486"
"2024-03-14 10:55:29.524","27.20001494708617"
"2024-03-14 11:00:29.524","27.164557457593705"
"2024-03-14 11:05:29.524","27.096251951989064"
"2024-03-14 11:10:29.524","27.05233235482328"
"2024-03-14 11:15:29.524","27.01249383411336"
"2024-03-14 11:20:29.524","26.969922622161526"
"2024-03-14 11:25:29.524","26.922830477820376"
"2024-03-14 11:30:29.524","26.898382658365314"
"2024-03-14 11:35:29.524","26.974175650088274"
"2024-03-14 11:40:29.524","27.195128652080545"
"2024-03-14 11:45:29.524","27.526467477332424"
"2024-03-14 11:50:29.524","27.893903785891123"
"2024-03-14 11:55:29.524","28.07614698587405"
"2024-03-14 12:00:29.524","28.191667292825297"
"2024-03-14 12:05:29.524","28.224990601475366"
"2024-03-14 12:10:29.524","28.237307316103045"
"2024-03-14 12:15:29.524","28.402501635041762"
"2024-03-14 12:20:29.524","28.680886537181593"
"2024-03-14 12:25:29.524","28.874542475191145"
"2024-03-14 12:30:29.524","28.950959875504303"
"2024-03-14 12:35:29.524","28.9540148265624"
"2024-03-14 12:40:29.524","28.933307628957063"
"2024-03-14 12:45:29.524","28.900604851887543"
"2024-03-14 12:50:29.524","28.850378890140785"
"2024-03-14 12:55:29.524","28.77318481513667"
"2024-03-14 13:00:29.524","28.704702480172113"
"2024-03-14 13:05:29.524","28.638487306809555"
"2024-03-14 13:10:29.524","28.623492452954768"
"2024-03-14 13:15:29.524","28.633909258293837"
"2024-03-14 13:20:29.524","28.65494970057317"
"2024-03-14 13:25:29.524","28.721701699627033"
"2024-03-14 13:30:29.524","28.80225138541863"
"2024-03-14 13:35:29.524","28.86295388878293"
"2024-03-14 13:40:29.524","28.845681809921416"
"2024-03-14 13:45:29.524","28.817758154839154"
"2024-03-14 13:50:29.524","28.742452152709564"
"2024-03-14 13:55:29.524","28.70030602973964"
"2024-03-14 14:00:29.524","28.695864521419917"
"2024-03-14 14:05:29.524","28.807757883504614"
"2024-03-14 14:10:29.524","28.92265475063382"
"2024-03-14 14:15:29.524","28.99496980030549"
"2024-03-14 14:20:29.524","29.185266152892297"
"2024-03-14 14:25:29.524","29.40197520387426"
"2024-03-14 14:30:29.524","29.53005143141537"
"2024-03-14 14:35:29.524","29.670765737717037"
"2024-03-14 14:40:29.524","29.8453556700897"
"2024-03-14 14:45:29.524","30.010102330820732"
"2024-03-14 14:50:29.524","30.027508031929855"
"2024-03-14 14:55:29.524","30.025276184783507"
"2024-03-14 15:00:29.524","29.963753985811202"
"2024-03-14 15:05:29.524","29.94768639450486"
"2024-03-14 15:10:29.524","30.034973862318026"
"2024-03-14 15:15:29.524","30.137584059517227"
"2024-03-14 15:20:29.524","30.223517995395426"
"2024-03-14 15:25:29.524","30.23368720809313"
"2024-03-14 15:30:29.524","30.183893450137305"
"2024-03-14 15:35:29.524","30.097550959336438"
"2024-03-14 15:40:29.524","30.01021649852604"
"2024-03-14 15:45:29.524","29.987622904205548"
"2024-03-14 15:50:29.524","30.037923580261655"
"2024-03-14 15:55:29.524","30.070524418682474"
"2024-03-14 16:00:29.524","30.16032391165516"
"2024-03-14 16:05:29.524","30.322248510299147"
"2024-03-14 16:10:29.524","30.469118096884593"
"2024-03-14 16:15:29.524","30.585495821699425"
"2024-03-14 16:20:29.524","30.754071756955167"
"2024-03-14 16:25:29.524","30.85598907349113"
"2024-03-14 16:30:29.524","30.910693490574246"
"2024-03-14 16:35:29.524","30.914685670400374"
"2024-03-14 16:40:29.524","30.935044934520942"
"2024-03-14 16:45:29.524","31.034354521684904"
"2024-03-14 16:50:29.524","31.11500143798956"
"2024-03-14 16:55:29.524","31.192172478726157"
"2024-03-14 17:00:29.524","31.24605427759149"
"2024-03-14 17:05:29.524","31.265903149702513"
"2024-03-14 17:10:29.524","31.263187272204757"
"2024-03-14 17:15:29.524","31.225311348434204"
"2024-03-14 17:20:29.524","31.18319510174165"
"2024-03-14 17:25:29.524","31.069879668942853"
"2024-03-14 17:30:29.524","30.930349568107495"
"2024-03-14 17:35:29.524","30.773866873969865"
"2024-03-14 17:40:29.524","30.629824963215345"
"2024-03-14 17:45:29.524","30.496108746513187"
"2024-03-14 17:50:29.524","30.357620194479537"
"2024-03-14 17:55:29.524","30.203161885894822"
"2024-03-14 18:00:29.524","30.05431151424726"
"2024-03-14 18:05:29.524","29.918951722786673"
"2024-03-14 18:10:29.524","29.769208991440763"
"2024-03-14 18:15:29.524","29.639329479839194"
"2024-03-14 18:20:29.524","29.510037585163573"
"2024-03-14 18:25:29.524","29.375447186631565"
"2024-03-14 18:30:29.524","29.254559069885257"
"2024-03-14 18:35:29.524","29.131167832466424"
"2024-03-14 18:40:29.524","29.02173442000185"
"2024-03-14 18:45:29.524","28.89833140029454"
"2024-03-14 18:50:29.524","28.78831025210539"
"2024-03-14 18:55:29.524","28.680414946266673"
"2024-03-14 19:00:29.524","28.600072222081454"
"2024-03-14 19:05:29.524","28.618195284090557"
"2024-03-14 19:10:29.524","28.778483239647628"
"2024-03-14 19:15:29.524","29.048777207973576"
"2024-03-14 19:20:29.524","29.49241629845516"
"2024-03-14 19:25:29.524","29.744054308914357"
"2024-03-14 19:30:29.524","29.809119151954267"
"2024-03-14 19:35:29.524","29.835619263625084"
"2024-03-14 19:40:29.524","29.787750349768515"
"2024-03-14 19:45:29.524","29.73636552592276"
"2024-03-14 19:50:29.524","29.664181738524515"
"2024-03-14 19:55:29.524","29.72462194918618"
"2024-03-14 20:00:29.524","29.922688641706745"
"2024-03-14 20:05:29.524","30.11608983714101"
"2024-03-14 20:10:29.524","30.534359238824056"
"2024-03-14 20:15:29.524","30.90886287584452"
"2024-03-14 20:20:29.524","31.019313279984416"
"2024-03-14 20:25:29.524","31.01639744860566"
"2024-03-14 20:30:29.524","30.96925054570934"
"2024-03-14 20:35:29.524","30.90785500532391"
"2024-03-14 20:40:29.524","31.006956740366824"
"2024-03-14 20:45:29.524","31.00092931581425"
"2024-03-14 20:50:29.524","30.94715897152866"
"2024-03-14 20:55:29.524","30.83886382531321"
"2024-03-14 21:00:29.524","30.73656161101948"
"2024-03-14 21:05:29.524","30.612856918548033"
"2024-03-14 21:10:29.524","30.47723766172646"
"2024-03-14 21:15:29.524","30.32729190966608"
"2024-03-14 21:20:29.524","30.25931319489609"
"2024-03-14 21:25:29.524","30.458227995206997"
"2024-03-14 21:30:29.524","30.598523525504667"
"2024-03-14 21:35:29.524","30.685979928677913"
"2024-03-14 21:40:29.524","30.739893872377102"
"2024-03-14 21:45:29.524","30.721286493138617"
"2024-03-14 21:50:29.524","30.698041800907546"
"2024-03-14 21:55:29.524","30.637175170582484"
"2024-03-14 22:00:29.524","30.528588418024114"
"2024-03-14 22:05:29.524","30.43448326124196"
"2024-03-14 22:10:29.524","30.418454251752934"
"2024-03-14 22:15:29.524","30.54003781467834"
"2024-03-14 22:20:29.524","30.67196838677202"
"2024-03-14 22:25:29.524","30.94107440943365"
"2024-03-14 22:30:29.524","31.146046150529063"
"2024-03-14 22:35:29.524","31.178334230254173"
"2024-03-14 22:40:29.524","31.220009402129477"
"2024-03-14 22:45:29.524","31.324369117615472"
"2024-03-14 22:50:29.524","31.358733694533324"
"2024-03-14 22:55:29.524","31.449796925197216"
"2024-03-14 23:00:29.524","31.50477557658879"
"2024-03-14 23:05:29.524","31.496874267354702"
"2024-03-14 23:10:29.524","31.442975340309435"
"2024-03-14 23:15:29.524","31.302622186882704"
"2024-03-14 23:20:29.524","31.181777997353887"
"2024-03-14 23:25:29.524","31.21079973478843"
"2024-03-14 23:30:29.524","31.258207250251367"
"2024-03-14 23:35:29.524","31.35792393682935"
"2024-03-14 23:40:29.524","31.354067333484412"
"2024-03-14 23:45:29.524","31.286744723868157"
"2024-03-14 23:50:29.524","31.176239872483425"
"2024-03-14 23:55:29.524","31.03193348636371"
"2024-03-15 00:00:29.524","30.886733224334456"
"2024-03-15 00:05:29.524","30.731453343335804"
"2024-03-15 00:10:29.524","30.5559278479856"
"2024-03-15 00:15:29.524","30.423619512752804"
"2024-03-15 00:20:29.524","30.259256005703907"
"2024-03-15 00:25:29.524","30.122252573508526"
"2024-03-15 00:30:29.524","30.002732431778536"
"2024-03-15 00:35:29.524","29.854720473869985"
"2024-03-15 00:40:29.524","29.703107580251725"
"2024-03-15 00:45:29.524","29.597074765470442"
"2024-03-15 00:50:29.524","29.4741418664747"
"2024-03-15 00:55:29.524","29.318158263810165"
"2024-03-15 01:00:29.524","29.234780371211173"
"2024-03-15 01:05:29.524","29.094975476255307"
"2024-03-15 01:10:29.524","28.960577975221018"
"2024-03-15 01:15:29.524","28.86552766176615"
"2024-03-15 01:20:29.524","28.77012178333506"
"2024-03-15 01:25:29.524","28.680851931658687"
"2024-03-15 01:30:29.524","28.582670807097696"
"2024-03-15 01:35:29.524","28.483624518169556"
"2024-03-15 01:40:29.524","28.404790648473917"
"2024-03-15 01:45:29.524","28.301597737499666"
"2024-03-15 01:50:29.524","28.21634152211488"
"2024-03-15 01:55:29.524","28.138925220210204"
"2024-03-15 02:00:29.524","28.069090658724413"
"2024-03-15 02:05:29.524","27.980397357728794"
"2024-03-15 02:10:29.524","27.890378812637902"
"2024-03-15 02:15:29.524","27.830182459351427"
"2024-03-15 02:20:29.524","27.757608102788556"
"2024-03-15 02:25:29.524","27.673616244506743"
"2024-03-15 02:30:29.524","27.586776853564746"
"2024-03-15 02:35:29.524","27.521653860988042"
"2024-03-15 02:40:29.524","27.448772206239525"
"2024-03-15 02:45:29.524","27.368609293009417"
"2024-03-15 02:50:29.524","27.305458106621817"
"2024-03-15 02:55:29.524","27.248807599776438"
"2024-03-15 03:00:29.524","27.173658049234437"
"2024-03-15 03:05:29.524","27.10765960278843"
"2024-03-15 03:10:29.524","27.04580469333408"
"2024-03-15 03:15:29.524","26.975032447015174"
"2024-03-15 03:20:29.524","26.92087190770068"
"2024-03-15 03:25:29.524","26.855730325606483"
"2024-03-15 03:30:29.524","26.804171209588354"
"2024-03-15 03:35:29.524","26.743666629604448"
"2024-03-15 03:40:29.524","26.67055185218173"
"2024-03-15 03:45:29.524","26.6268415480315"
"2024-03-15 03:50:29.524","26.568489242048788"
"2024-03-15 03:55:29.524","26.50686951117827"
"2024-03-15 04:00:29.524","26.44891104426272"
"2024-03-15 04:05:29.524","26.403377802019207"
"2024-03-15 04:10:29.524","26.359403162791935"
"2024-03-15 04:15:29.524","26.302976837801882"
"2024-03-15 04:20:29.524","26.25992060509114"
"2024-03-15 04:25:29.524","26.21999114457006"
"2024-03-15 04:30:29.524","26.161406891246894"
"2024-03-15 04:35:29.524","26.12100567171101"
"2024-03-15 04:40:29.524","26.074321784687964"
"2024-03-15 04:45:29.524","26.037355232641804"
"2024-03-15 04:50:29.524","26.008184048871325"
"2024-03-15 04:55:29.524","25.956210371748913"
"2024-03-15 05:00:29.524","25.918556371343875"
"2024-03-15 05:05:29.524","25.88106443517009"
"2024-03-15 05:10:29.524","25.83396693658648"
"2024-03-15 05:15:29.524","25.79637882873979"
"2024-03-15 05:20:29.524","25.75534967181322"
"2024-03-15 05:25:29.524","25.727464113059117"
"2024-03-15 05:30:29.524","25.683152480057725"
"2024-03-15 05:35:29.524","25.64774505086697"
"2024-03-15 05:40:29.524","25.604613201329148"
"2024-03-15 05:45:29.524","25.570031962870463"
"2024-03-15 05:50:29.524","25.536834633236133"
"2024-03-15 05:55:29.524","25.512382523848128"
"2024-03-15 06:00:29.524","25.480157537141153"
"2024-03-15 06:05:29.524","25.42475105437668"
"2024-03-15 06:10:29.524","25.375815898685566"
"2024-03-15 06:15:29.524","25.35471027096231"
"2024-03-15 06:20:29.524","25.325994061994383"
"2024-03-15 06:25:29.524","25.29468000245545"
"2024-03-15 06:30:29.524","25.27132687981085"
"2024-03-15 06:35:29.524","25.246856498776758"
"2024-03-15 06:40:29.524","25.210364162749133"
"2024-03-15 06:45:29.524","25.182318011680497"
"2024-03-15 06:50:29.524","25.1468680598172"
"2024-03-15 06:55:29.524","25.124719974507624"
"2024-03-15 07:00:29.524","25.100807872808275"
"2024-03-15 07:05:29.524","25.089209470774975"
"2024-03-15 07:10:29.524","25.10111218199474"
"2024-03-15 07:15:29.524","25.185497493086817"
"2024-03-15 07:20:29.524","25.416307910821615"
"2024-03-15 07:25:29.524","25.711904733211842"
"2024-03-15 07:30:29.524","26.01530674368865"
"2024-03-15 07:35:29.524","26.384189847340075"
"2024-03-15 07:40:29.524","26.66948494964118"
"2024-03-15 07:45:29.524","26.814424775832254"
"2024-03-15 07:50:29.524","27.07723528745429"
"2024-03-15 07:55:29.524","27.369922278871844"
"2024-03-15 08:00:29.524","27.7789691028724"
"2024-03-15 08:05:29.524","28.24297843686164"
"2024-03-15 08:10:29.524","28.675570081489173"
"2024-03-15 08:15:29.524","28.884168454566794"
"2024-03-15 08:20:29.524","29.090115241663977"
"2024-03-15 08:25:29.524","29.255306044932798"
"2024-03-15 08:30:29.524","29.519019588369712"
"2024-03-15 08:35:29.524","29.647198710772475"
"2024-03-15 08:40:29.524","29.766883517222908"
"2024-03-15 08:45:29.524","29.750662752038963"
"2024-03-15 08:50:29.524","29.719548450650485"
"2024-03-15 08:55:29.524","29.64288303867112"
"2024-03-15 09:00:29.524","29.56310491327222"
"2024-03-15 09:05:29.524","29.467379613398606"
"2024-03-15 09:10:29.524","29.313061139652454"
"2024-03-15 09:15:29.524","29.19666205363755"
"2024-03-15 09:20:29.524","29.06464608989396"
"2024-03-15 09:25:29.524","28.951685539666748"
"2024-03-15 09:30:29.524","28.841679276166623"
"2024-03-15 09:35:29.524","28.73874360933032"
"2024-03-15 09:40:29.524","28.64131176572441"
"2024-03-15 09:45:29.524","28.549230762097793"
"2024-03-15 09:50:29.524","28.473510862028267"
"2024-03-15 09:55:29.524","28.3575103791438"
"2024-03-15 10:00:29.524","28.24373195097766"
"2024-03-15 10:05:29.524","28.169293740361802"
"2024-03-15 10:10:29.524","28.113759739986268"
"2024-03-15 10:15:29.524","28.034619949538534"
"2024-03-15 10:20:29.524","27.945219111382613"
"2024-03-15 10:25:29.524","27.88635982293781"
"2024-03-15 10:30:29.524","27.815423918842544"
"2024-03-15 10:35:29.524","27.718922347441065"
"2024-03-15 10:40:29.524","27.655006107454167"
"2024-03-15 10:45:29.524","27.57064538626705"
"2024-03-15 10:50:29.524","27.52739225523283"
"2024-03-15 10:55:29.524","27.46603133753551"
"2024-03-15 11:00:29.524","27.39627237722659"
"2024-03-15 11:05:29.524","27.329889068653273"
"2024-03-15 11:10:29.524","27.27881168122154"
"2024-03-15 11:15:29.524","27.218930609485287"
"2024-03-15 11:20:29.524","27.18661161029541"
"2024-03-15 11:25:29.524","27.137119577221316"
"2024-03-15 11:30:29.524","27.083269103779354"
"2024-03-15 11:35:29.524","27.051113111018385"
"2024-03-15 11:40:29.524","27.014555286400928"
"2024-03-15 11:45:29.524","26.962088349612287"
"2024-03-15 11:50:29.524","26.890255407114516"
"2024-03-15 11:55:29.524","26.82162309659712"
"2024-03-15 12:00:29.524","26.770512551119825"
"2024-03-15 12:05:29.524","26.71350084960038"
"2024-03-15 12:10:29.524","26.654918176104594"
"2024-03-15 12:15:29.524","26.601676725314363"
"2024-03-15 12:20:29.524","26.5454655738801"
"2024-03-15 12:25:29.524","26.500021659848585"
"2024-03-15 12:30:29.524","26.457321001533867"
"2024-03-15 12:35:29.524","26.42328893874522"
"2024-03-15 12:40:29.524","26.37559199895396"
"2024-03-15 12:45:29.524","26.346839637734874"
"2024-03-15 12:50:29.524","26.29936264769084"
"2024-03-15 12:55:29.524","26.254638343865352"
"2024-03-15 13:00:29.524","26.212634507869808"
"2024-03-15 13:05:29.524","26.16960058469887"
"2024-03-15 13:10:29.524","26.142125282759928"
"2024-03-15 13:15:29.524","26.107055860674322"
"2024-03-15 13:20:29.524","26.063989910636504"
"2024-03-15 13:25:29.524","26.034881277565773"
"2024-03-15 13:30:29.524","25.973382838610952"
"2024-03-15 13:35:29.524","25.951559497937886"
"2024-03-15 13:40:29.524","25.92225091621892"
"2024-03-15 13:45:29.524","25.898578230198055"
"2024-03-15 13:50:29.524","25.864787789445746"
"2024-03-15 13:55:29.524","25.835055605788945"
"2024-03-15 14:00:29.524","25.81579612798318"
"2024-03-15 14:05:29.524","25.796372424269762"
"2024-03-15 14:10:29.524","25.778039107000097"
"2024-03-15 14:15:29.524","25.756012734657173"
"2024-03-15 14:20:29.524","25.75142639987059"
"2024-03-15 14:25:29.524","25.723333400650958"
"2024-03-15 14:30:29.524","25.686590811458796"
"2024-03-15 14:35:29.524","25.68574383860548"
"2024-03-15 14:40:29.524","25.665562936834206"
"2024-03-15 14:45:29.524","25.643254323731313"
"2024-03-15 14:50:29.524","25.620632004765618"
"2024-03-15 14:55:29.524","25.600933481643057"
"2024-03-15 15:00:29.524","25.579310979512908"
"2024-03-15 15:05:29.524","25.557805252569803"
"2024-03-15 15:10:29.524","25.54365861032426"
"2024-03-15 15:15:29.524","25.531055624197307"
"2024-03-15 15:20:29.524","25.496897278284855"
"2024-03-15 15:25:29.524","25.48042007034526"
"2024-03-15 15:30:29.524","25.44650743838797"
"2024-03-15 15:35:29.524","25.431745312386827"
"2024-03-15 15:40:29.524","25.41220379531464"
"2024-03-15 15:45:29.524","25.40646684130017"
"2024-03-15 15:50:29.524","25.394870825734515"
"2024-03-15 15:55:29.524","25.390118990821367"
"2024-03-15 16:00:29.524","25.381567621069507"
"2024-03-15 16:05:29.524","25.37765282732075"
"2024-03-15 16:10:29.524","25.367102801405412"
"2024-03-15 16:15:29.524","25.360967068843927"
"2024-03-15 16:20:29.524","25.350516568162085"
"2024-03-15 16:25:29.524","25.340455683388097"
"2024-03-15 16:30:29.524","25.32318144431539"
"2024-03-15 16:35:29.524","25.297805467407393"
"2024-03-15 16:40:29.524","25.29628162116496"
"2024-03-15 16:45:29.524","25.2819355701257"
"2024-03-15 16:50:29.524","25.2690992625909"
"2024-03-15 16:55:29.524","25.260223554500744"
"2024-03-15 17:00:29.524","25.2341316982539"
"2024-03-15 17:05:29.524","25.216686410588938"
"2024-03-15 17:10:29.524","25.205542928545142"
"2024-03-15 17:15:29.524","25.194908201888392"
"2024-03-15 17:20:29.524","25.179285873696507"
"2024-03-15 17:25:29.524","25.161324775652666"
"2024-03-15 17:30:29.524","25.15139102638996"
"2024-03-15 17:35:29.524","25.12943534454111"
"2024-03-15 17:40:29.524","25.115395079370533"
"2024-03-15 17:45:29.524","25.107065527623487"
"2024-03-15 17:50:29.524","25.092388716073984"
"2024-03-15 17:55:29.524","25.06769326370391"
"2024-03-15 18:00:29.524","25.045623959750266"
"2024-03-15 18:05:29.524","25.040568153926536"
"2024-03-15 18:10:29.524","25.02407403325587"
"2024-03-15 18:15:29.524","25.015153790540406"
"2024-03-15 18:20:29.524","24.997313881767678"
"2024-03-15 18:25:29.524","24.98408569982599"
"2024-03-15 18:30:29.524","24.961789173216292"
"2024-03-15 18:35:29.524","24.94930316271338"
"2024-03-15 18:40:29.524","24.919466700972517"
"2024-03-15 18:45:29.524","24.909795658356842"
"2024-03-15 18:50:29.524","24.885442607331882"
"2024-03-15 18:55:29.524","24.865976879300305"
"2024-03-15 19:00:29.524","24.844156176905592"
"2024-03-15 19:05:29.524","24.827028048309913"
"2024-03-15 19:10:29.524","24.815033006459352"
"2024-03-15 19:15:29.524","24.791332970274595"
"2024-03-15 19:20:29.524","24.764529926041156"
"2024-03-15 19:25:29.524","24.74433444668185"
"2024-03-15 19:30:29.524","24.72454367249207"
"2024-03-15 19:35:29.524","24.702703667483505"
"2024-03-15 19:40:29.524","24.684964954529253"
"2024-03-15 19:45:29.524","24.6544210648366"
"2024-03-15 19:50:29.524","24.642992582407803"
"2024-03-15 19:55:29.524","24.630600163575018"
"2024-03-15 20:00:29.524","24.60581628910762"
"2024-03-15 20:05:29.524","24.581849174522596"
"2024-03-15 20:10:29.524","24.564131905122576"
"2024-03-15 20:15:29.524","24.542251139474995"
"2024-03-15 20:20:29.524","24.52365268683826"
"2024-03-15 20:25:29.524","24.503678037593392"
"2024-03-15 20:30:29.524","24.486475953840667"
"2024-03-15 20:35:29.524","24.483168641251552"
"2024-03-15 20:40:29.524","24.457019587069354"
"2024-03-15 20:45:29.524","24.44179817611254"
"2024-03-15 20:50:29.524","24.42799571714114"
"2024-03-15 20:55:29.524","24.413072183771998"
"2024-03-15 21:00:29.524","24.398921090876016"
"2024-03-15 21:05:29.524","24.396964803378022"
"2024-03-15 21:10:29.524","24.376554868830652"
"2024-03-15 21:15:29.524","24.371572453935592"
"2024-03-15 21:20:29.524","24.34706777353363"
"2024-03-15 21:25:29.524","24.33159719975149"
"2024-03-15 21:30:29.524","24.32551424795841"
"2024-03-15 21:35:29.524","24.310081031148336"
"2024-03-15 21:40:29.524","24.288215696486084"
"2024-03-15 21:45:29.524","24.28363212444035"
"2024-03-15 21:50:29.524","24.274852038602294"
"2024-03-15 21:55:29.524","24.255441343589325"
"2024-03-15 22:00:29.524","24.251171046729983"
"2024-03-15 22:05:29.524","24.232915665263103"
"2024-03-15 22:10:29.524","24.221484615055335"
"2024-03-15 22:15:29.524","24.210249433710867"
"2024-03-15 22:20:29.524","24.192697354130466"
"2024-03-15 22:25:29.524","24.180784561487126"
"2024-03-15 22:30:29.524","24.162529565280604"
"2024-03-15 22:35:29.524","24.150977515665108"
"2024-03-15 22:40:29.524","24.140406151736258"
"2024-03-15 22:45:29.524","24.13893066234176"
"2024-03-15 22:50:29.524","24.114117564640637"
"2024-03-15 22:55:29.524","24.115364151274687"
"2024-03-15 23:00:29.524","24.09680549091117"
"2024-03-15 23:05:29.524","24.08286332254397"
"2024-03-15 23:10:29.524","24.075504844423918"
"2024-03-15 23:15:29.524","24.048369046551187"
"2024-03-15 23:20:29.524","24.03739395032772"
"2024-03-15 23:25:29.524","24.03660067509967"
"2024-03-15 23:30:29.524","24.010446023117822"
"2024-03-15 23:35:29.524","24.0090367157162"
"2024-03-15 23:40:29.524","24.003119832934164"
"2024-03-15 23:45:29.524","23.995143102247038"
"2024-03-15 23:50:29.524","23.98687742485039"
"2024-03-15 23:55:29.524","23.99543065860958"
"2024-03-16 00:00:29.524","23.977901388119616"
"2024-03-16 00:05:29.524","23.969285232141324"
"2024-03-16 00:10:29.524","23.95835219620951"
"2024-03-16 00:15:29.524","23.952598643863215"
"2024-03-16 00:20:29.524","23.941559049962795"
"2024-03-16 00:25:29.524","23.938383669093323"
"2024-03-16 00:30:29.524","23.933300617942074"
"2024-03-16 00:35:29.524","23.92353159674528"
"2024-03-16 00:40:29.524","23.921253670021542"
"2024-03-16 00:45:29.524","23.91270710231211"
"2024-03-16 00:50:29.524","23.904857670940793"
"2024-03-16 00:55:29.524","23.905333165355174"
"2024-03-16 01:00:29.524","23.890554252467425"
"2024-03-16 01:05:29.524","23.876490623826797"
"2024-03-16 01:10:29.524","23.873951382526045"
"2024-03-16 01:15:29.524","23.86863072797478"
"2024-03-16 01:20:29.524","23.860869533262086"
"2024-03-16 01:25:29.524","23.859136103640367"
"2024-03-16 01:30:29.524","23.843733173436615"
"2024-03-16 01:35:29.524","23.8430576587812"
"2024-03-16 01:40:29.524","23.831113843082814"
"2024-03-16 01:45:29.524","23.825520681934446"
"2024-03-16 01:50:29.524","23.820097118780605"
"2024-03-16 01:55:29.524","23.81237889694406"
"2024-03-16 02:00:29.524","23.808591303533245"
"2024-03-16 02:05:29.524","23.800002200805448"
"2024-03-16 02:10:29.524","23.79333578366777"
"2024-03-16 02:15:29.524","23.78639176026198"
"2024-03-16 02:20:29.524","23.775636960979707"
"2024-03-16 02:25:29.524","23.77161951902428"
"2024-03-16 02:30:29.524","23.762216584860536"
"2024-03-16 02:35:29.524","23.753288346841757"
"2024-03-16 02:40:29.524","23.75647029894729"
"2024-03-16 02:45:29.524","23.746674607186335"
"2024-03-16 02:50:29.524","23.7358722789312"
"2024-03-16 02:55:29.524","23.729198957945187"
"2024-03-16 03:00:29.524","23.722227528976614"
"2024-03-16 03:05:29.524","23.719390286798888"
"2024-03-16 03:10:29.524","23.709471605737683"
"2024-03-16 03:15:29.524","23.704679676452415"
"2024-03-16 03:20:29.524","23.69296944332933"
"2024-03-16 03:25:29.524","23.689091362253432"
"2024-03-16 03:30:29.524","23.68445984279352"
"2024-03-16 03:35:29.524","23.674073333655652"
"2024-03-16 03:40:29.524","23.66964072478987"
"2024-03-16 03:45:29.524","23.66478217547787"
"2024-03-16 03:50:29.524","23.651503689151486"
"2024-03-16 03:55:29.524","23.646866686373354"
"2024-03-16 04:00:29.524","23.634100314852336"
"2024-03-16 04:05:29.524","23.631506198205734"
"2024-03-16 04:10:29.524","23.62212018753388"
"2024-03-16 04:15:29.524","23.6164911595538"
"2024-03-16 04:20:29.524","23.61089050960832"
"2024-03-16 04:25:29.524","23.60396797985869"
"2024-03-16 04:30:29.524","23.587762413812307"
"2024-03-16 04:35:29.524","23.595443615663864"
"2024-03-16 04:40:29.524","23.57669807718096"
"2024-03-16 04:45:29.524","23.57303299380675"
"2024-03-16 04:50:29.524","23.570220665943065"
"2024-03-16 04:55:29.524","23.56003818741807"
"2024-03-16 05:00:29.524","23.555345147599557"
"2024-03-16 05:05:29.524","23.545893112703826"
"2024-03-16 05:10:29.524","23.536665858752407"
"2024-03-16 05:15:29.524","23.52882738182788"
"2024-03-16 05:20:29.524","23.522195770308738"
"2024-03-16 05:25:29.524","23.514709646546255"
"2024-03-16 05:30:29.524","23.514557389851472"
"2024-03-16 05:35:29.524","23.499026718256214"
"2024-03-16 05:40:29.524","23.50220958841294"
"2024-03-16 05:45:29.524","23.494938237868446"
"2024-03-16 05:50:29.524","23.484108123782885"
"2024-03-16 05:55:29.524","23.478896568023153"
"2024-03-16 06:00:29.524","23.475485303080585"
"2024-03-16 06:05:29.524","23.46989059809214"
"2024-03-16 06:10:29.524","23.46224183883338"
"2024-03-16 06:15:29.524","23.463525221171267"
"2024-03-16 06:20:29.524","23.449814708541997"
"2024-03-16 06:25:29.524","0.0"
"2024-03-16 06:30:29.524","0.0"
"2024-03-16 06:35:29.524","0.0"
"2024-03-16 06:40:29.524","0.0"
"2024-03-16 06:45:29.524","0.0"
"2024-03-16 06:50:29.524","0.0"
"2024-03-16 06:55:29.524","0.0"
"2024-03-16 07:00:29.524","0.0"
"2024-03-16 07:05:29.524","0.0"
"2024-03-16 07:10:29.524","0.0"
"2024-03-16 07:15:29.524","0.0"
"2024-03-16 07:20:29.524","0.0"
"2024-03-16 07:25:29.524","0.0"
"2024-03-16 07:30:29.524","0.0"
"2024-03-16 07:35:29.524","0.0"
"2024-03-16 07:40:29.524","0.0"
"2024-03-16 07:45:29.524","0.0"
"2024-03-16 07:50:29.524","0.0"
"2024-03-16 07:55:29.524","0.0"
"2024-03-16 08:00:29.524","0.0"
"2024-03-16 08:05:29.524","0.0"
"2024-03-16 08:10:29.524","0.0"
"2024-03-16 08:15:29.524","0.0"
"2024-03-16 08:20:29.524","0.0"
"2024-03-16 08:25:29.524","0.0"
"2024-03-16 08:30:29.524","0.0"
"2024-03-16 08:35:29.524","0.0"
"2024-03-16 08:40:29.524","0.0"
"2024-03-16 08:45:29.524","0.0"
"2024-03-16 08:50:29.524","0.0"
"2024-03-16 08:55:29.524","0.0"
"2024-03-16 09:00:29.524","0.0"
"2024-03-16 09:05:29.524","0.0"
"2024-03-16 09:10:29.524","0.0"
"2024-03-16 09:15:29.524","0.0"
"2024-03-16 09:20:29.524","0.0"
"2024-03-16 09:25:29.524","0.0"
"2024-03-16 09:30:29.524","0.0"
"2024-03-16 09:35:29.524","0.0"
"2024-03-16 09:40:29.524","0.0"
"2024-03-16 09:45:29.524","0.0"
"2024-03-16 09:50:29.524","0.0"
"2024-03-16 09:55:29.524","0.0"
"2024-03-16 10:00:29.524","0.0"
"2024-03-16 10:05:29.524","0.0"
"2024-03-16 10:10:29.524","0.0"
"2024-03-16 10:15:29.524","0.0"
"2024-03-16 10:20:29.524","0.0"
"2024-03-16 10:25:29.524","0.0"
"2024-03-16 10:30:29.524","0.0"
"2024-03-16 10:35:29.524","0.0"
"2024-03-16 10:40:29.524","0.0"
"2024-03-16 10:45:29.524","0.0"
"2024-03-16 10:50:29.524","0.0"
"2024-03-16 10:55:29.524","0.0"
"2024-03-16 11:00:29.524","0.0"
"2024-03-16 11:05:29.524","0.0"
"2024-03-16 11:10:29.524","0.0"
"2024-03-16 11:15:29.524","0.0"
"2024-03-16 11:20:29.524","0.0"
"2024-03-16 11:25:29.524","0.0"
"2024-03-16 11:30:29.524","0.0"
"2024-03-16 11:35:29.524","0.0"
"2024-03-16 11:40:29.524","0.0"
"2024-03-16 11:45:29.524","0.0"
"2024-03-16 11:50:29.524","0.0"
"2024-03-16 11:55:29.524","0.0"
"2024-03-16 12:00:29.524","0.0"
"2024-03-16 12:05:29.524","0.0"
"2024-03-16 12:10:29.524","0.0"
"2024-03-16 12:15:29.524","0.0"
"2024-03-16 12:20:29.524","0.0"
"2024-03-16 12:25:29.524","0.0"
"2024-03-16 12:30:29.524","0.0"
"2024-03-16 12:35:29.524","0.0"
"2024-03-16 12:40:29.524","0.0"
"2024-03-16 12:45:29.524","0.0"
"2024-03-16 12:50:29.524","0.0"
"2024-03-16 12:55:29.524","0.0"
"2024-03-16 13:00:29.524","0.0"
"2024-03-16 13:05:29.524","0.0"
"2024-03-16 13:10:29.524","0.0"
"2024-03-16 13:15:29.524","0.0"
"2024-03-16 13:20:29.524","0.0"
"2024-03-16 13:25:29.524","0.0"
"2024-03-16 13:30:29.524","0.0"
"2024-03-16 13:35:29.524","0.0"
"2024-03-16 13:40:29.524","0.0"
"2024-03-16 13:45:29.524","0.0"
"2024-03-16 13:50:29.524","0.0"
"2024-03-16 13:55:29.524","0.0"
"2024-03-16 14:00:29.524","0.0"
"2024-03-16 14:05:29.524","0.0"
"2024-03-16 14:10:29.524","0.0"
"2024-03-16 14:15:29.524","0.0"
"2024-03-16 14:20:29.524","0.0"
"2024-03-16 14:25:29.524","0.0"
"2024-03-16 14:30:29.524","0.0"
"2024-03-16 14:35:29.524","0.0"
"2024-03-16 14:40:29.524","0.0"
"2024-03-16 14:45:29.524","0.0"
"2024-03-16 14:50:29.524","0.0"
"2024-03-16 14:55:29.524","0.0"
"2024-03-16 15:00:29.524","0.0"
"2024-03-16 15:05:29.524","0.0"
"2024-03-16 15:10:29.524","0.0"
"2024-03-16 15:15:29.524","0.0"
"2024-03-16 15:20:29.524","0.0"
"2024-03-16 15:25:29.524","0.0"
"2024-03-16 15:30:29.524","0.0"
"2024-03-16 15:35:29.524","0.0"
"2024-03-16 15:40:29.524","0.0"
"2024-03-16 15:45:29.524","0.0"
"2024-03-16 15:50:29.524","0.0"
"2024-03-16 15:55:29.524","0.0"
"2024-03-16 16:00:29.524","0.0"
"2024-03-16 16:05:29.524","23.307879618238417"
"2024-03-16 16:10:29.524","23.309550521971428"
"2024-03-16 16:15:29.524","23.306631456385407"
"2024-03-16 16:20:29.524","23.309275658144852"
"2024-03-16 16:25:29.524","23.296939484013237"
"2024-03-16 16:30:29.524","23.283999260736437"
"2024-03-16 16:35:29.524","23.283904381811627"
"2024-03-16 16:40:29.524","23.283097954026243"
"2024-03-16 16:45:29.524","23.26819004149741"
"2024-03-16 16:50:29.524","23.272871109051096"
"2024-03-16 16:55:29.524","23.268404409799704"
"2024-03-16 17:00:29.524","23.246669547139145"
"2024-03-16 17:05:29.524","23.25665311561376"
"2024-03-16 17:10:29.524","23.260827365542372"
"2024-03-16 17:15:29.524","23.267536879176628"
"2024-03-16 17:20:29.524","23.26751106220149"
"2024-03-16 17:25:29.524","23.267181280541834"
"2024-03-16 17:30:29.524","23.269929809495185"
"2024-03-16 17:35:29.524","23.26961260310841"
"2024-03-16 17:40:29.524","23.274132551618045"
"2024-03-16 17:45:29.524","23.268027554258833"
"2024-03-16 17:50:29.524","23.274167252836286"
"2024-03-16 17:55:29.524","23.281686150275227"
"2024-03-16 18:00:29.524","23.277635196958197"
"2024-03-16 18:05:29.524","23.27857414449983"
"2024-03-16 18:10:29.524","23.278411912443318"
"2024-03-16 18:15:29.524","23.280663411658978"
"2024-03-16 18:20:29.524","23.264458411922938"
"2024-03-16 18:25:29.524","23.270276070652887"
"2024-03-16 18:30:29.524","23.269223594551033"
"2024-03-16 18:35:29.524","23.271274892938617"
"2024-03-16 18:40:29.524","23.261840863519016"
"2024-03-16 18:45:29.524","23.265811796598786"
"2024-03-16 18:50:29.524","23.259117259327947"
"2024-03-16 18:55:29.524","23.24845263039944"
"2024-03-16 19:00:29.524","23.244793721224248"
"2024-03-16 19:05:29.524","23.250851995880094"
"2024-03-16 19:10:29.524","23.247197256366512"
"2024-03-16 19:15:29.524","23.24808223781223"
"2024-03-16 19:20:29.524","23.255387402256467"
"2024-03-16 19:25:29.524","23.24706692520643"
"2024-03-16 19:30:29.524","23.24527413449311"
"2024-03-16 19:35:29.524","23.24914780903218"
"2024-03-16 19:40:29.524","23.241454065199303"
"2024-03-16 19:45:29.524","23.242981540246006"
"2024-03-16 19:50:29.524","23.246654869454616"
"2024-03-16 19:55:29.524","23.242085760828097"
"2024-03-16 20:00:29.524","23.239052277993977"
"2024-03-16 20:05:29.524","23.240771646900114"
"2024-03-16 20:10:29.524","23.233765236265146"
"2024-03-16 20:15:29.524","23.23475064284765"
"2024-03-16 20:20:29.524","23.229399148994197"
"2024-03-16 20:25:29.524","23.22933029189969"
"2024-03-16 20:30:29.524","23.229316137182654"
"2024-03-16 20:35:29.524","23.21828648540345"
"2024-03-16 20:40:29.524","23.22427510005918"
"2024-03-16 20:45:29.524","23.218113277844875"
"2024-03-16 20:50:29.524","23.216918080855994"
"2024-03-16 20:55:29.524","23.208288306111804"
"2024-03-16 21:00:29.524","23.20896988819091"
"2024-03-16 21:05:29.524","23.199542220008915"
"2024-03-16 21:10:29.524","23.208316459218548"
"2024-03-16 21:15:29.524","23.203919503485746"
"2024-03-16 21:20:29.524","23.197321522299003"
"2024-03-16 21:25:29.524","23.194806874227197"
"2024-03-16 21:30:29.524","23.194767986700064"
"2024-03-16 21:35:29.524","23.192404600913004"
"2024-03-16 21:40:29.524","23.19673195161137"
"2024-03-16 21:45:29.524","23.186867380626058"
"2024-03-16 21:50:29.524","23.18634250005291"
"2024-03-16 21:55:29.524","23.187869901427856"
"2024-03-16 22:00:29.524","23.184092122703273"
"2024-03-16 22:05:29.524","23.176894108113057"
"2024-03-16 22:10:29.524","23.176420778717542"
"2024-03-16 22:15:29.524","23.17138592487949"
"2024-03-16 22:20:29.524","23.172255895945817"
"2024-03-16 22:25:29.524","23.16877866249747"
"2024-03-16 22:30:29.524","23.16289540203454"
"2024-03-16 22:35:29.524","23.159889771037893"
"2024-03-16 22:40:29.524","23.162530869358466"
"2024-03-16 22:45:29.524","23.153800995805486"
"2024-03-16 22:50:29.524","23.14624174153873"
"2024-03-16 22:55:29.524","23.149532325899003"
"2024-03-16 23:00:29.524","23.134656988841307"
"2024-03-16 23:05:29.524","23.133488528568275"
"2024-03-16 23:10:29.524","23.13581612881448"
"2024-03-16 23:15:29.524","23.12929074773996"
"2024-03-16 23:20:29.524","23.125471922633498"
"2024-03-16 23:25:29.524","23.123133430797374"
"2024-03-16 23:30:29.524","23.125136247904745"
"2024-03-16 23:35:29.524","23.116051817862754"
"2024-03-16 23:40:29.524","23.107931093045554"
"2024-03-16 23:45:29.524","23.106761107859676"
"2024-03-16 23:50:29.524","23.10880820636082"
"2024-03-16 23:55:29.524","23.103720518633683"
"2024-03-17 00:00:29.524","23.1015019784521"
"2024-03-17 00:05:29.524","23.098747600026204"
"2024-03-17 00:10:29.524","23.090635115528734"
"2024-03-17 00:15:29.524","23.090961209771546"
"2024-03-17 00:20:29.524","23.086464573251853"
"2024-03-17 00:25:29.524","23.085236927758434"
"2024-03-17 00:30:29.524","23.082898272309226"
"2024-03-17 00:35:29.524","23.078527001101843"
"2024-03-17 00:40:29.524","23.07450528417235"
"2024-03-17 00:45:29.524","23.074347266889575"
"2024-03-17 00:50:29.524","23.066558042097665"
"2024-03-17 00:55:29.524","23.062876943010824"
"2024-03-17 01:00:29.524","23.051700304312735"
"2024-03-17 01:05:29.524","23.054222126180118"
"2024-03-17 01:10:29.524","23.047854829336554"
"2024-03-17 01:15:29.524","23.04949283541075"
"2024-03-17 01:20:29.524","23.04454849938215"
"2024-03-17 01:25:29.524","23.040473074682293"
"2024-03-17 01:30:29.524","23.035087291223178"
"2024-03-17 01:35:29.524","23.02445898547744"
"2024-03-17 01:40:29.524","23.03188015452508"
"2024-03-17 01:45:29.524","23.030433927902227"
"2024-03-17 01:50:29.524","23.02254942041111"
"2024-03-17 01:55:29.524","23.019591755278267"
"2024-03-17 02:00:29.524","23.021200432043067"
"2024-03-17 02:05:29.524","23.018076956524645"
"2024-03-17 02:10:29.524","23.014362079734795"
"2024-03-17 02:15:29.524","23.014666108832564"
"2024-03-17 02:20:29.524","23.003535048494445"
"2024-03-17 02:25:29.524","22.99887539909667"
"2024-03-17 02:30:29.524","22.99098801179167"
"2024-03-17 02:35:29.524","22.98397787379562"
"2024-03-17 02:40:29.524","22.99140804786273"
"2024-03-17 02:45:29.524","22.982434048869365"
"2024-03-17 02:50:29.524","22.981882670615235"
"2024-03-17 02:55:29.524","22.97469480177855"
"2024-03-17 03:00:29.524","22.972448838671003"
"2024-03-17 03:05:29.524","22.970810031505707"
"2024-03-17 03:10:29.524","22.97087862124664"
"2024-03-17 03:15:29.524","22.963948660969763"
"2024-03-17 03:20:29.524","22.958383269503827"
"2024-03-17 03:25:29.524","22.954245784433834"
"2024-03-17 03:30:29.524","22.950987801616776"
"2024-03-17 03:35:29.524","22.94032789151578"
"2024-03-17 03:40:29.524","22.944280780250153"
"2024-03-17 03:45:29.524","22.937447745774122"
"2024-03-17 03:50:29.524","22.93652991123443"
"2024-03-17 03:55:29.524","22.930338071455488"
"2024-03-17 04:00:29.524","22.930938363058477"
"2024-03-17 04:05:29.524","22.926106044352014"
"2024-03-17 04:10:29.524","22.916801708340536"
"2024-03-17 04:15:29.524","22.910945595117678"
"2024-03-17 04:20:29.524","22.910622982286068"
"2024-03-17 04:25:29.524","22.906302177999166"
"2024-03-17 04:30:29.524","22.90125818834439"
"2024-03-17 04:35:29.524","22.895801210165985"
"2024-03-17 04:40:29.524","22.899848062322718"
"2024-03-17 04:45:29.524","22.898095554435095"
"2024-03-17 04:50:29.524","22.892817006342266"
"2024-03-17 04:55:29.524","22.889521904364024"
"2024-03-17 05:00:29.524","22.88400330212594"
"2024-03-17 05:05:29.524","22.879996599489687"
"2024-03-17 05:10:29.524","22.87774854477973"
"2024-03-17 05:15:29.524","22.875174958113288"
"2024-03-17 05:20:29.524","22.871153216389494"
"2024-03-17 05:25:29.524","22.869335088855635"
"2024-03-17 05:30:29.524","22.867270026613486"
"2024-03-17 05:35:29.524","22.865954780005577"
"2024-03-17 05:40:29.524","22.852890179460356"
"2024-03-17 05:45:29.524","22.85967951657697"
"2024-03-17 05:50:29.524","22.855286606067658"
"2024-03-17 05:55:29.524","22.846378105482604"
"2024-03-17 06:00:29.524","22.85070099012696"
"2024-03-17 06:05:29.524","22.8526219509334"
"2024-03-17 06:10:29.524","22.84359503481179"
"2024-03-17 06:15:29.524","22.83807059130809"
"2024-03-17 06:20:29.524","22.83812709418627"
"2024-03-17 06:25:29.524","22.8337047584733"
"2024-03-17 06:30:29.524","22.82788603729895"
"2024-03-17 06:35:29.524","22.82985701062858"
"2024-03-17 06:40:29.524","22.82549101637601"
"2024-03-17 06:45:29.524","22.826842084750123"
"2024-03-17 06:50:29.524","22.81594381138484"
"2024-03-17 06:55:29.524","22.817433861682197"
"2024-03-17 07:00:29.524","22.810118839107083"
"2024-03-17 07:05:29.524","22.808363257880817"
"2024-03-17 07:10:29.524","22.80588936791855"
"2024-03-17 07:15:29.524","22.801138275975614"
"2024-03-17 07:20:29.524","22.794730672951886"
"2024-03-17 07:25:29.524","22.794030681082983"
"2024-03-17 07:30:29.524","22.793068644659797"
"2024-03-17 07:35:29.524","22.793388940662027"
"2024-03-17 07:40:29.524","22.804961261697446"
"2024-03-17 07:45:29.524","22.816684041248397"
"2024-03-17 07:50:29.524","22.82039379991286"
"2024-03-17 07:55:29.524","22.828455704713065"
"2024-03-17 08:00:29.524","22.831052602453035"
"2024-03-17 08:05:29.524","22.84728765810347"
"2024-03-17 08:10:29.524","22.844696332663315"
"2024-03-17 08:15:29.524","22.845414407050914"
"2024-03-17 08:20:29.524","22.85602133423762"
"2024-03-17 08:25:29.524","22.861579944567644"
"2024-03-17 08:30:29.524","22.86628405199978"
"2024-03-17 08:35:29.524","22.867096356207316"
"2024-03-17 08:40:29.524","22.874931644947488"
"2024-03-17 08:45:29.524","22.871286924706336"
"2024-03-17 08:50:29.524","22.876355552841748"
"2024-03-17 08:55:29.524","22.86955613931679"
"2024-03-17 09:00:29.524","22.873766264301146"
"2024-03-17 09:05:29.524","22.87122724165921"
"2024-03-17 09:10:29.524","22.86851380257834"
"2024-03-17 09:15:29.524","22.872060275706477"
"2024-03-17 09:20:29.524","22.868616936461247"
"2024-03-17 09:25:29.524","22.859575887150218"
"2024-03-17 09:30:29.524","22.8626845066383"
"2024-03-17 09:35:29.524","22.863786436181638"
"2024-03-17 09:40:29.524","22.862440640193608"
"2024-03-17 09:45:29.524","22.865778278816823"
"2024-03-17 09:50:29.524","22.860875349548426"
"2024-03-17 09:55:29.524","22.858936745665588"
"2024-03-17 10:00:29.524","22.85661445535731"
"2024-03-17 10:05:29.524","22.853592164769495"
"2024-03-17 10:10:29.524","22.850662323001465"
"2024-03-17 10:15:29.524","22.846627475297424"
"2024-03-17 10:20:29.524","22.84971725871364"
"2024-03-17 10:25:29.524","22.845100082728994"
"2024-03-17 10:30:29.524","22.845033781972298"
"2024-03-17 10:35:29.524","22.840289394564667"
"2024-03-17 10:40:29.524","22.838157460841895"
"2024-03-17 10:45:29.524","22.839507164600708"
"2024-03-17 10:50:29.524","22.833452918222676"
"2024-03-17 10:55:29.524","22.841135136612476"
"2024-03-17 11:00:29.524","22.835723503066536"
"2024-03-17 11:05:29.524","22.832179774751484"
"2024-03-17 11:10:29.524","22.82879371940683"
"2024-03-17 11:15:29.524","22.837218093054144"
"2024-03-17 11:20:29.524","22.834862692572834"
"2024-03-17 11:25:29.524","22.83516312420577"
"2024-03-17 11:30:29.524","22.83692364819961"
"2024-03-17 11:35:29.524","22.83396084083563"
"2024-03-17 11:40:29.524","22.837264290663768"
"2024-03-17 11:45:29.524","22.833573077113183"
"2024-03-17 11:50:29.524","22.83019990019893"
"2024-03-17 11:55:29.524","22.83860869896272"
"2024-03-17 12:00:29.524","22.840316310647093"
"2024-03-17 12:05:29.524","22.8396671292032"
"2024-03-17 12:10:29.524","22.851600939851533"
"2024-03-17 12:15:29.524","22.852587462998688"
"2024-03-17 12:20:29.524","22.84520442624877"
"2024-03-17 12:25:29.524","22.84271018216382"
"2024-03-17 12:30:29.524","22.841274970019867"
"2024-03-17 12:35:29.524","22.849820201860013"
"2024-03-17 12:40:29.524","22.85712369096744"
"2024-03-17 12:45:29.524","22.845867093184005"
"2024-03-17 12:50:29.524","22.855025543186393"
"2024-03-17 12:55:29.524","22.856817818571802"
"2024-03-17 13:00:29.524","22.840148384625845"
"2024-03-17 13:05:29.524","22.838009508730586"
"2024-03-17 13:10:29.524","22.844401232712197"
"2024-03-17 13:15:29.524","22.831746391548602"
"2024-03-17 13:20:29.524","22.830737644895862"
"2024-03-17 13:25:29.524","22.843874814391405"
"2024-03-17 13:30:29.524","22.834490478794567"
"2024-03-17 13:35:29.524","22.834251568920816"
"2024-03-17 13:40:29.524","22.81783644106188"
"2024-03-17 13:45:29.524","22.81971181590595"
"2024-03-17 13:50:29.524","22.81351474332073"
"2024-03-17 13:55:29.524","22.824612685427404"
"2024-03-17 14:00:29.524","22.819521923691536"
"2024-03-17 14:05:29.524","22.816557907106404"
"2024-03-17 14:10:29.524","22.824206730561027"
"2024-03-17 14:15:29.524","22.815930913819333"
"2024-03-17 14:20:29.524","22.79454257785185"
"2024-03-17 14:25:29.524","22.794631325650105"
"2024-03-17 14:30:29.524","22.791354078116278"
"2024-03-17 14:35:29.524","22.78158793206091"
"2024-03-17 14:40:29.524","22.791610326518942"
